Distribution Date,Producer Code,Product ID,Product Name,Quantity,Unit Cost,Unit Price,Week num
06/11/2021,POG,3806,"Greens, Lettuce, Head",19,$36.00,$39.96,24
06/11/2021,STF,3806,"Greens, Lettuce, Head",38,$36.00,$39.96,24
06/11/2021,POG,3819,"Greens, Salad Mix - 24 ct 0.75lb",19,$84.00,$93.24,24
06/15/2021,WKH,3573,"Greens, Bok Choy",19,$40.00,$44.40,25
06/15/2021,STF,3806,"Greens, Lettuce, Head",15,$36.00,$39.96,25
06/15/2021,WKH,3806,"Greens, Lettuce, Head",5,$36.00,$39.96,25
06/15/2021,YMF,3266,"Onions, Scallions",11,$28.80,$31.97,25
06/15/2021,HAF,3266,"Onions, Scallions",6,$28.80,$31.97,25
06/15/2021,NTN,3266,"Onions, Scallions",39,$28.80,$31.97,25
06/15/2021,SGC,3266,"Onions, Scallions",5,$28.80,$31.97,25
06/15/2021,CVP,3266,"Onions, Scallions",5,$28.80,$31.97,25
06/15/2021,CHO,3278,"Radish, Red, Bulk, Bunched w/Tops",52,$33.75,$37.46,25
06/15/2021,KLF,3278,"Radish, Red, Bulk, Bunched w/Tops",10,$33.75,$37.46,25
06/18/2021,LXF,3304,Garlic Scapes,30,$48.00,$53.28,25
06/18/2021,YMF,3813,"Greens, Kale",24,$36.00,$39.96,25
06/18/2021,NTN,3813,"Greens, Kale",14,$36.00,$39.96,25
06/18/2021,POG,3140,"Kohlrabi, White",36,$46.80,$51.48,25
06/18/2021,D2D,3252,"Radish, French Breakfast",19,$36.00,$39.96,25
06/18/2021,CHO,3278,"Radish, Red, Bulk, Bunched w/Tops",30,$33.75,$37.46,25
06/22/2021,WKH,3573,"Greens, Bok Choy",10,$40.00,$44.40,26
06/22/2021,YMF,3806,"Greens, Lettuce, Head",15,$36.00,$39.96,26
06/22/2021,STF,3806,"Greens, Lettuce, Head",15,$36.00,$39.96,26
06/22/2021,WKH,3806,"Greens, Lettuce, Head",5,$36.00,$39.96,26
06/22/2021,CHO,3266,"Onions, Scallions",5,$28.80,$31.97,26
06/22/2021,HAF,3266,"Onions, Scallions",5,$28.80,$31.97,26
06/22/2021,SGC,3266,"Onions, Scallions",5,$28.80,$31.97,26
06/22/2021,CVP,3266,"Onions, Scallions",5,$28.80,$31.97,26
06/22/2021,D2D,3278,"Radish, Red, Bulk, Bunched w/Tops",5,$33.75,$37.46,26
06/22/2021,CBS,3278,"Radish, Red, Bunched w/Tops",10,$33.75,$37.46,26
06/22/2021,KLF,3278,"Radish, Red, Bunched w/Tops",10,$33.75,$37.46,26
06/25/2021,POG,3669,"Greens, Chard",38,$36.00,$39.96,26
06/25/2021,SEE,3813,"Greens, Kale, Green Curly, Organic",38,$24.00,$26.64,26
06/25/2021,HAF,3806,"Greens, Lettuce, Head",10,$36.00,$39.96,26
06/25/2021,HAF,3806,"Greens, Lettuce, Head",7,$36.00,$39.96,26
06/25/2021,WKH,3806,"Greens, Lettuce, Head",13,$36.00,$39.96,26
06/29/2021,YMF,3266,"Onions, Scallions",11,$28.80,$31.97,27
06/29/2021,HAF,3266,"Onions, Scallions",7,$28.80,$31.97,27
06/29/2021,NTN,3266,"Onions, Scallions",5,$28.80,$31.97,27
06/29/2021,SGC,3266,"Onions, Scallions",5,$28.80,$31.97,27
06/29/2021,CVP,3266,"Onions, Scallions",5,$28.80,$31.97,27
06/29/2021,CBS,3278,"Radish, Red, Bunched w/Tops",10,$33.75,$37.46,27
06/29/2021,D2D,3278,"Radish, Red, Bunched w/Tops",9,$33.75,$37.46,27
06/29/2021,KLF,3278,"Radish, Red, Bunched w/Tops",5,$33.75,$37.46,27
07/02/2021,NTN,3813,"Greens, Kale",30,$36.00,$39.96,27
07/02/2021,LXF,3390,"Potatoes, New Red",28,$100.00,$111.00,27
07/02/2021,SEE,3184,"Squash, Summer Green Zucchini, Organic",40,$25.00,$27.75,27
07/06/2021,HAF,3266,"Onions, Scallions",11,$28.80,$31.97,28
07/06/2021,NTN,3266,"Onions, Scallions",11,$28.80,$31.97,28
07/06/2021,SGC,3266,"Onions, Scallions",11,$28.80,$31.97,28
07/06/2021,CVP,3266,"Onions, Scallions",11,$28.80,$31.97,28
07/06/2021,CBS,3278,"Radish, Red, Bunched w/Tops",5,$33.75,$37.46,28
07/06/2021,KLF,3278,"Radish, Red, Bunched w/Tops",8,$33.75,$37.46,28
07/06/2021,MLF,3278,"Radish, Red, Bunched w/Tops",5,$33.75,$37.46,28
07/06/2021,MHG,3184,"Squash, Summer, Green Zucchini",11,$20.00,$22.20,28
07/06/2021,SGC,3184,"Squash, Summer, Green Zucchini",20,$20.00,$22.20,28
07/09/2021,SEE,3326,Fennel,30,$42.00,$46.62,28
07/09/2021,HAF,3806,"Greens, Lettuce, Head",10,$36.00,$39.96,28
07/09/2021,YMF,3775,Kohlrabi,15,$30.00,$33.30,28
07/09/2021,YMF,3216,Rhubarb,27,$56.25,$62.44,28
07/09/2021,LXF,3184,"Squash, Summer, Green Zucchini",15,$25.00,$27.75,28
07/09/2021,WKH,3184,"Squash, Summer, Green Zucchini",20,$20.00,$22.20,28
07/13/2021,MKV,3754,Cabbage,4,$34.00,$37.74,29
07/13/2021,SGC,3361,"Cucumbers, Slicing",6,$20.00,$22.20,29
07/13/2021,AFC,3138,"Greens, Collards",3,$36.00,$39.96,29
07/13/2021,D2D,3138,"Greens, Collards",10,$36.00,$39.96,29
07/13/2021,MLG,3138,"Greens, Collards",7,$36.00,$39.96,29
07/13/2021,SGC,3806,"Greens, Lettuce, Head",8,$36.00,$39.96,29
07/13/2021,D2D,3278,"Radish, Red, Bunched w/Tops",5,$33.75,$37.46,29
07/13/2021,KLF,3278,"Radish, Red, Bunched w/Tops",24,$33.75,$37.46,29
07/13/2021,WKH,3278,"Radish, Red, Bunched w/Tops",39,$33.75,$37.46,29
07/13/2021,AFC,3184,"Squash, Summer, Zucchini",3,$20.00,$22.20,29
07/13/2021,D2D,3184,"Squash, Summer, Zucchini",9,$20.00,$22.20,29
07/13/2021,LXF,3184,"Squash, Summer, Zucchini",55,$20.00,$22.20,29
07/13/2021,SGC,3184,"Squash, Summer, Zucchini",20,$20.00,$22.20,29
07/16/2021,SEE,3579,"Celery, Organic",24,$66.66,$73.99,29
07/16/2021,HAF,3361,"Cucumbers, Slicing",13,$20.00,$22.20,29
07/16/2021,SGC,3361,"Cucumbers, Slicing",9,$20.00,$22.20,29
07/16/2021,SEE,3361,"Cucumbers, Slicing, Organic",16,$25.00,$27.75,29
07/16/2021,HAF,3138,"Greens, Collards",37,$36.00,$39.96,29
07/16/2021,HAF,3138,"Greens, Collards",1,$36.00,$39.96,29
07/16/2021,CHO,3278,"Radish, Red, Bunched w/Tops",7,$33.75,$37.46,29
07/16/2021,HAF,3278,"Radish, Red, Bunched w/Tops",3,$33.75,$37.46,29
07/16/2021,CHO,3184,"Squash, Summer Yellow & Green",10,$24.00,$26.64,29
07/16/2021,HAF,3184,"Squash, Summer, Zucchini, Yellow",20,$35.00,$38.85,29
07/20/2021,MKV,3401,"Beans, Green",7,$62.50,$69.38,30
07/20/2021,STF,3401,"Beans, Green",7,$62.50,$69.38,30
07/20/2021,YMF,3401,"Beans, Green",18,$62.50,$69.38,30
07/20/2021,MLG,3401,"Beans, Green",15,$62.50,$69.38,30
07/20/2021,PBY,3401,"Beans, Green",13,$62.50,$69.38,30
07/20/2021,YMF,3592,Broccoli,20,$31.45,$34.91,30
07/20/2021,PBY,3592,Broccoli,12,$31.45,$34.91,30
07/20/2021,D2D,3754,Cabbage,7,$34.00,$37.74,30
07/20/2021,CBS,3361,"Cucumbers, Slicing",7,$20.00,$22.20,30
07/20/2021,CLP,3361,"Cucumbers, Slicing",12,$20.00,$22.20,30
07/20/2021,PBY,3361,"Cucumbers, Slicing",13,$20.00,$22.20,30
07/20/2021,SGC,3361,"Cucumbers, Slicing",6,$20.00,$22.20,30
07/20/2021,WKH,3361,"Cucumbers, Slicing",16,$20.00,$22.20,30
07/20/2021,PBY,3573,"Greens, Bok Choy",10,$40.00,$44.40,30
07/20/2021,STF,3573,"Greens, Bok Choy",20,$40.00,$44.40,30
07/20/2021,CLP,3813,"Greens, Kale",10,$36.00,$39.96,30
07/20/2021,D2D,3813,"Greens, Kale",14,$36.00,$39.96,30
07/20/2021,NTN,3813,"Greens, Kale",30,$36.00,$39.96,30
07/20/2021,PLT,3813,"Greens, Kale",10,$36.00,$39.96,30
07/20/2021,MKV,3775,Kohlrabi,16,$30.00,$33.30,30
07/20/2021,CBS,3278,"Radish, Red, Bunched w/Tops",4,$33.75,$37.46,30
07/20/2021,D2D,3278,"Radish, Red, Bunched w/Tops",2,$33.75,$37.46,30
07/20/2021,KLF,3278,"Radish, Red, Bunched w/Tops",26,$33.75,$37.46,30
07/20/2021,AFC,3184,"Squash, Summer, Green Zucchini",3,$20.00,$22.20,30
07/20/2021,SGC,3184,"Squash, Summer, Green Zucchini",26,$20.00,$22.20,30
07/20/2021,D2D,3184,"Squash, Summer, Zucchini",9,$20.00,$22.20,30
07/20/2021,LXF,3184,"Squash, Summer, Zucchini",50,$20.00,$22.20,30
07/20/2021,WKH,3184,"Squash, Summer, Zucchini",17,$20.00,$22.20,30
07/23/2021,CHO,3401,"Beans, Green",31,$62.50,$69.38,30
07/23/2021,MKV,3756,Cucumbers,16,$20.00,$22.20,30
07/23/2021,WKH,3361,"Cucumbers, Slicing",15,$20.00,$22.20,30
07/23/2021,POG,3184,"Squash, Summer Yellow & Green",30,$25.00,$27.75,30
07/23/2021,YMF,3184,"Squash, Summer, Green Zucchini",10,$20.00,$22.20,30
07/23/2021,SEE,3202,"Tomatoes, Slicers",40,$34.00,$37.74,30
07/27/2021,CHO,3401,"Beans, Green",30,$62.50,$69.38,31
07/27/2021,D2D,3401,"Beans, Green",25,$62.50,$69.38,31
07/27/2021,YMF,3401,"Beans, Green",20,$62.50,$69.38,31
07/27/2021,HAF,3401,"Beans, Green",5,$62.50,$69.38,31
07/27/2021,PBY,3401,"Beans, Green",20,$62.50,$69.38,31
07/27/2021,YMF,3099,"Beets Red, Greentop",21,$36.00,$39.96,31
07/27/2021,PBY,3362,"Cucumbers, Pickling",32,$20.00,$22.20,31
07/27/2021,CLP,3361,"Cucumbers, Slicing",6,$20.00,$22.20,31
07/27/2021,SGC,3361,"Cucumbers, Slicing",6,$20.00,$22.20,31
07/27/2021,CHO,3669,"Greens, Chard",34,$36.00,$39.96,31
07/27/2021,WKH,3806,"Greens, Lettuce, Head",21,$36.00,$39.96,31
07/27/2021,CHO,3278,"Radish, Red, Bunched w/Tops",60,$33.75,$37.46,31
07/27/2021,AFC,3184,"Squash, Summer, Zucchini",6,$20.00,$22.20,31
07/27/2021,CHO,3184,"Squash, Summer, Zucchini",66,$20.00,$22.20,31
07/27/2021,D2D,3184,"Squash, Summer, Zucchini",10,$20.00,$22.20,31
07/27/2021,LXF,3184,"Squash, Summer, Zucchini",66,$20.00,$22.20,31
07/27/2021,SGC,3184,"Squash, Summer, Zucchini",6,$20.00,$22.20,31
07/27/2021,SXF,3826,Sweet Potato Leaves,50,$30.00,$33.30,31
07/27/2021,CBS,3404,Tomatillos,66,$28.00,$31.08,31
07/30/2021,CBS,3153,"Peppers, Jalapeno",9,$25.50,$28.31,31
07/30/2021,NTN,3184,"Squash, Summer, Zucchini",10,$20.00,$22.20,31
07/30/2021,PBY,3184,"Squash, Summer, Zucchini",21,$20.00,$22.20,31
07/30/2021,SGC,3184,"Squash, Summer, Zucchini",30,$20.00,$22.20,31
07/30/2021,CBS,3404,Tomatillos,89,$28.00,$32.75,31
07/30/2021,SEE,3202,"Tomatoes, Slicers",17,$34.00,$44.40,31
07/30/2021,WKH,3202,"Tomatoes, Slicers",12,$40.00,$44.40,31
08/03/2021,CHO,3401,"Beans, Green",20,$62.50,$69.38,32
08/03/2021,SGC,3754,Cabbage,7,$34.00,$37.74,32
08/03/2021,CBS,3361,"Cucumbers, Slicing",12,$20.00,$22.20,32
08/03/2021,CBS,3361,"Cucumbers, Slicing",8,$20.00,$22.20,32
08/03/2021,CHO,3361,"Cucumbers, Slicing",15,$20.00,$22.20,32
08/03/2021,CLP,3361,"Cucumbers, Slicing",6,$20.00,$22.20,32
08/03/2021,SGC,3361,"Cucumbers, Slicing",6,$20.00,$22.20,32
08/03/2021,WKH,3361,"Cucumbers, Slicing",10,$20.00,$22.20,32
08/03/2021,CHO,3669,"Greens, Chard",20,$36.00,$39.96,32
08/03/2021,CLP,3813,"Greens, Kale",10,$36.00,$39.96,32
08/03/2021,D2D,3813,"Greens, Kale",10,$36.00,$39.96,32
08/03/2021,NTN,3813,"Greens, Kale",10,$36.00,$39.96,32
08/03/2021,PLT,3813,"Greens, Kale",10,$36.00,$39.96,32
08/03/2021,CBS,3153,"Peppers, Jalapeno",14,$25.50,$28.31,32
08/03/2021,AFC,3184,"Squash, Summer, Zucchini",6,$20.00,$22.20,32
08/03/2021,CHO,3184,"Squash, Summer, Zucchini",30,$20.00,$22.20,32
08/03/2021,D2D,3184,"Squash, Summer, Zucchini",12,$20.00,$22.20,32
08/03/2021,LXF,3184,"Squash, Summer, Zucchini",30,$20.00,$22.20,32
08/03/2021,SGC,3184,"Squash, Summer, Zucchini",6,$20.00,$22.20,32
08/03/2021,WKH,3184,"Squash, Summer, Zucchini",27,$20.00,$22.20,32
08/03/2021,SXF,3826,Sweet Potato Leaves,50,$30.00,$33.30,32
08/03/2021,CBS,3404,Tomatillos,66,$28.00,$31.08,32
08/06/2021,LXF,3362,"Cucumbers, Pickling",30,$20.00,$22.20,32
08/06/2021,YMF,3361,"Cucumbers, Slicing",7,$20.00,$22.20,32
08/06/2021,WKH,3361,"Cucumbers, Slicing",4,$20.00,$22.20,32
08/06/2021,HAF,3138,"Greens, Collards",38,$36.00,$39.96,32
08/06/2021,SEE,3242,"Greens, Lettuce, Romaine, Green, Organic",34,$30.00,$38.63,32
08/06/2021,MKV,3759,Onions,15,$40.00,$44.40,32
08/06/2021,MKV,3759,Onions,5,$40.00,$44.40,32
08/06/2021,SEE,3828,"Peppers, Bell, Green, Organic",30,$30.25,$33.58,32
08/06/2021,SEE,3828,"Peppers, Bell, Green, Organic",7,$30.25,$33.58,32
08/06/2021,SEE,3202,"Tomatoes, Slicers, Organic",26,$32.25,$35.80,32
08/10/2021,D2D,3401,"Beans, Green",15,$62.50,$69.38,33
08/10/2021,YMF,3401,"Beans, Green",5,$62.50,$69.38,33
08/10/2021,MLG,3401,"Beans, Green",15,$62.50,$69.38,33
08/10/2021,PBY,3401,"Beans, Green",15,$62.50,$69.38,33
08/10/2021,CBS,3361,"Cucumbers, Slicing",15,$20.00,$22.20,33
08/10/2021,CHO,3361,"Cucumbers, Slicing",45,$20.00,$22.20,33
08/10/2021,CLP,3361,"Cucumbers, Slicing",6,$20.00,$22.20,33
08/10/2021,SGC,3361,"Cucumbers, Slicing",21,$20.00,$22.20,33
08/10/2021,MLG,3758,"Eggplant, African (Bitter ball)",33,$20.00,$22.20,33
08/10/2021,PLT,3758,"Eggplant, African (Bitter ball)",33,$20.00,$22.20,33
08/10/2021,MKV,3759,Onions,20,$40.00,$44.40,33
08/10/2021,PBY,3759,Onions,20,$40.00,$44.40,33
08/10/2021,SGC,3759,Onions,20,$40.00,$44.40,33
08/10/2021,CBS,3153,"Peppers, Jalapeno",66,$25.50,$28.31,33
08/10/2021,MHG,3153,"Peppers, Jalapeno",8,$25.50,$28.31,33
08/10/2021,SGC,3153,"Peppers, Jalapeno",10,$25.50,$28.31,33
08/10/2021,AFC,3184,"Squash, Summer, Zucchini",6,$20.00,$22.20,33
08/10/2021,CHO,3184,"Squash, Summer, Zucchini",20,$20.00,$22.20,33
08/10/2021,D2D,3184,"Squash, Summer, Zucchini",10,$20.00,$22.20,33
08/10/2021,LXF,3184,"Squash, Summer, Zucchini",30,$20.00,$22.20,33
08/10/2021,MHG,3184,"Squash, Summer, Zucchini",30,$20.00,$22.20,33
08/10/2021,SGC,3184,"Squash, Summer, Zucchini",6,$20.00,$22.20,33
08/10/2021,SXF,3826,Sweet Potato Leaves,50,$30.00,$33.30,33
08/13/2021,KHF,3759,Onions,23,$40.00,$44.40,33
08/13/2021,LXF,3828,"Peppers, Bell, Green",45,$28.00,$31.08,33
08/13/2021,AFC,3184,"Squash, Summer, Zucchini",7,$20.00,$22.20,33
08/13/2021,CHO,3184,"Squash, Summer, Zucchini",25,$20.00,$22.20,33
08/13/2021,WKH,3184,"Squash, Summer, Zucchini",12,$20.00,$22.20,33
08/13/2021,SEE,3202,"Tomatoes, Slicers, Organic",40,$34.00,$37.74,33
08/17/2021,CBS,3361,"Cucumbers, Slicing",8,$20.00,$22.20,34
08/17/2021,CLP,3361,"Cucumbers, Slicing",6,$20.00,$22.20,34
08/17/2021,SGC,3361,"Cucumbers, Slicing",6,$20.00,$22.20,34
08/17/2021,MLG,3757,Eggplant,15,$31.62,$35.10,34
08/17/2021,PLT,3758,"Eggplant, African (Bitter ball)",33,$20.00,$22.20,34
08/17/2021,AFC,3138,"Greens, Collards",5,$36.00,$39.96,34
08/17/2021,D2D,3138,"Greens, Collards",9,$36.00,$39.96,34
08/17/2021,MLG,3138,"Greens, Collards",10,$36.00,$39.96,34
08/17/2021,CLP,3813,"Greens, Kale",10,$36.00,$39.96,34
08/17/2021,D2D,3813,"Greens, Kale",10,$36.00,$39.96,34
08/17/2021,NTN,3813,"Greens, Kale",10,$36.00,$39.96,34
08/17/2021,PLT,3813,"Greens, Kale",10,$36.00,$39.96,34
08/17/2021,KLF,3364,"Greens, Mustard",10,$36.00,$39.96,34
08/17/2021,PLT,3364,"Greens, Mustard",10,$36.00,$39.96,34
08/17/2021,SGC,3091,Melon Honeydew Organic,30,$26.25,$29.14,34
08/17/2021,SGC,3089,Melon Watermelon Red Seeded Organic,6,$420.00,$466.20,34
08/17/2021,MKV,3405,Okra,28,$51.00,$56.61,34
08/17/2021,MKV,3405,Okra,8,$51.00,$56.61,34
08/17/2021,PLT,3405,Okra,30,$51.00,$56.61,34
08/17/2021,CLP,3828,"Peppers, Bell",10,$35.00,$38.85,34
08/17/2021,NTN,3828,"Peppers, Bell",20,$35.00,$38.85,34
08/17/2021,MLG,3828,"Peppers, Bell",20,$35.00,$38.85,34
08/17/2021,SGC,3828,"Peppers, Bell",4,$35.00,$38.85,34
08/17/2021,CBS,3153,"Peppers, Jalapeno",20,$25.50,$28.31,34
08/17/2021,MHG,3153,"Peppers, Jalapeno",8,$25.50,$28.31,34
08/17/2021,PLT,3153,"Peppers, Jalapeno",8,$25.50,$28.31,34
08/17/2021,SGC,3153,"Peppers, Jalapeno",20,$25.50,$28.31,34
08/17/2021,LXF,3166,"Potatoes, Red A",10,$50.00,$55.50,34
08/17/2021,MKV,3166,"Potatoes, Red A",10,$50.00,$55.50,34
08/17/2021,CVP,3166,"Potatoes, Red A",10,$50.00,$55.50,34
08/17/2021,SXF,3826,Sweet Potato Leaves,50,$30.00,$33.30,34
08/17/2021,MLP,3202,"Tomatoes, Slicers",9,$40.00,$44.40,34
08/17/2021,KSL,3202,"Tomatoes, Slicers",13,$40.00,$44.40,34
08/20/2021,POG,3669,"Greens, Chard",36,$36.00,$39.96,34
08/20/2021,POG,3669,"Greens, Chard",2,$36.00,$39.96,34
08/20/2021,LXF,3539,Ground Cherries,1,$33.60,$37.30,34
08/20/2021,LXF,3539,Ground Cherries,61,$33.60,$37.30,34
08/20/2021,SEE,3828,"Peppers, Bell, Green, Organic",33,$30.25,$33.58,34
08/20/2021,CHO,3202,"Tomatoes, Slicers",15,$40.00,$44.40,34
08/20/2021,YMF,3202,"Tomatoes, Slicers",1,$40.00,$44.40,34
08/20/2021,YMF,3202,"Tomatoes, Slicers",19,$40.00,$44.40,34
08/20/2021,PBY,3202,"Tomatoes, Slicers",12,$40.00,$44.40,34
08/24/2021,PBY,3592,Broccoli,30,$31.45,$34.91,35
08/24/2021,PLT,3758,"Eggplant, African (Bitter ball)",66,$20.00,$22.20,35
08/24/2021,CLP,3717,"Eggplant, Globe",50,$31.62,$35.10,35
08/24/2021,YMF,3717,"Eggplant, Globe",25,$31.62,$35.10,35
08/24/2021,KLF,3717,"Eggplant, Globe",25,$31.62,$35.10,35
08/24/2021,SGC,3089,Melon Watermelon Red Seeded Organic,3,$420.00,$466.20,35
08/24/2021,PLT,3405,Okra,33,$51.00,$56.61,35
08/24/2021,CLP,3828,"Peppers, Bell",10,$35.00,$38.85,35
08/24/2021,KHF,3828,"Peppers, Bell",39,$35.00,$38.85,35
08/24/2021,NTN,3828,"Peppers, Bell",20,$35.00,$38.85,35
08/24/2021,MLG,3828,"Peppers, Bell",20,$35.00,$38.85,35
08/24/2021,SGC,3828,"Peppers, Bell",21,$35.00,$38.85,35
08/24/2021,KHF,3458,"Peppers, Habanero",5,$35.00,$38.85,35
08/24/2021,MKV,3458,"Peppers, Habanero",25,$35.00,$38.85,35
08/24/2021,PLT,3458,"Peppers, Habanero",25,$35.00,$38.85,35
08/24/2021,CBS,3153,"Peppers, Jalapeno",20,$25.50,$28.31,35
08/24/2021,MHG,3153,"Peppers, Jalapeno",8,$25.50,$28.31,35
08/24/2021,PLT,3153,"Peppers, Jalapeno",8,$25.50,$28.31,35
08/24/2021,SGC,3153,"Peppers, Jalapeno",30,$25.50,$28.31,35
08/24/2021,LXF,3166,"Potatoes, Red A",30,$50.00,$55.50,35
08/24/2021,MKV,3171,"Potatoes, Yellow A",10,$50.00,$55.50,35
08/24/2021,NTN,3171,"Potatoes, Yellow A",10,$50.00,$55.50,35
08/24/2021,CVP,3171,"Potatoes, Yellow A",10,$50.00,$55.50,35
08/24/2021,SXF,3826,Sweet Potato Leaves,50,$30.00,$33.30,35
08/24/2021,CHO,3200,"Tomatoes, Grape",22,$35.00,$38.85,35
08/24/2021,D2D,3200,"Tomatoes, Grape",11,$35.00,$38.85,35
08/24/2021,KHF,3200,"Tomatoes, Grape",11,$35.00,$38.85,35
08/24/2021,MHG,3200,"Tomatoes, Grape",25,$35.00,$38.85,35
08/24/2021,AFC,3201,"Tomatoes, Roma",6,$35.00,$38.85,35
08/24/2021,CBS,3201,"Tomatoes, Roma",20,$35.00,$38.85,35
08/24/2021,KHF,3201,"Tomatoes, Roma",20,$35.00,$38.85,35
08/24/2021,SGC,3201,"Tomatoes, Roma",20,$35.00,$38.85,35
08/24/2021,DTF,3202,"Tomatoes, Slicers",53,$40.00,$44.40,35
08/24/2021,KHF,3202,"Tomatoes, Slicers",13,$40.00,$44.40,35
08/27/2021,HAF,3613,"Beets Red, bulk",36,$26.31,$29.20,35
08/27/2021,POG,3717,"Eggplant, Globe",40,$31.62,$35.10,35
08/27/2021,HAF,3700,"Greens, Spinach, Chinese (water spinach)",38,$24.00,$26.64,35
08/27/2021,SGC,3153,"Peppers, Jalapeno",9,$25.50,$28.31,35
08/27/2021,LXF,3449,"Peppers, Poblano",45,$40.00,$44.40,35
08/27/2021,MLP,3166,"Potatoes, Red A",9,$50.00,$55.50,35
08/27/2021,CHO,3200,"Tomatoes, Grape",30,$30.00,$33.30,35
08/27/2021,MHG,3200,"Tomatoes, Grape",25,$35.00,$33.30,35
08/31/2021,PBY,3592,Broccoli,18,$31.45,$34.91,36
08/31/2021,YMF,3755,Carrots,30,$31.62,$35.10,36
08/31/2021,NTN,3755,Carrots,30,$31.62,$35.10,36
08/31/2021,RSV,3755,Carrots,15,$31.62,$35.10,36
08/31/2021,CVP,3755,Carrots,29,$31.62,$35.10,36
08/31/2021,MKV,3405,Okra,30,$51.00,$56.61,36
08/31/2021,LXF,3759,Onions,20,$40.00,$44.40,36
08/31/2021,MLG,3759,Onions,20,$40.00,$44.40,36
08/31/2021,SGC,3759,Onions,11,$40.00,$44.40,36
08/31/2021,SXF,3759,Onions,20,$40.00,$44.40,36
08/31/2021,CHO,3828,"Peppers, Bell",6,$35.00,$38.85,36
08/31/2021,CLP,3828,"Peppers, Bell",10,$35.00,$38.85,36
08/31/2021,NTN,3828,"Peppers, Bell",20,$35.00,$38.85,36
08/31/2021,MLG,3828,"Peppers, Bell",20,$35.00,$38.85,36
08/31/2021,SGC,3828,"Peppers, Bell",30,$35.00,$38.85,36
08/31/2021,HAF,3458,"Peppers, Habanero",8,$35.00,$38.85,36
08/31/2021,PLT,3458,"Peppers, Habanero",25,$35.00,$38.85,36
08/31/2021,CBS,3153,"Peppers, Jalapeno",20,$25.50,$28.31,36
08/31/2021,MHG,3153,"Peppers, Jalapeno",8,$25.50,$28.31,36
08/31/2021,PLT,3153,"Peppers, Jalapeno",8,$25.50,$28.31,36
08/31/2021,SGC,3153,"Peppers, Jalapeno",30,$25.50,$28.31,36
08/31/2021,LXF,3166,"Potatoes, Red A",10,$50.00,$55.50,36
08/31/2021,MKV,3166,"Potatoes, Red A",10,$50.00,$55.50,36
08/31/2021,CVP,3166,"Potatoes, Red A",10,$50.00,$55.50,36
08/31/2021,SXF,3826,Sweet Potato Leaves,50,$30.00,$33.30,36
08/31/2021,CHO,3200,"Tomatoes, Grape",18,$30.00,$38.85,36
08/31/2021,D2D,3200,"Tomatoes, Grape",16,$35.00,$38.85,36
08/31/2021,WKH,3200,"Tomatoes, Grape",16,$35.00,$38.85,36
08/31/2021,AFC,3201,"Tomatoes, Roma",6,$35.00,$38.85,36
08/31/2021,CBS,3201,"Tomatoes, Roma",20,$35.00,$38.85,36
08/31/2021,KHF,3201,"Tomatoes, Roma",20,$35.00,$38.85,36
08/31/2021,SGC,3201,"Tomatoes, Roma",20,$35.00,$38.85,36
08/31/2021,DTF,3202,"Tomatoes, Slicers",53,$40.00,$44.40,36
08/31/2021,KHF,3202,"Tomatoes, Slicers",13,$40.00,$44.40,36
09/03/2021,LXF,3828,"Peppers, Bell",36,$35.00,$38.85,36
09/03/2021,SEE,3828,"Peppers, Bell, Green, Organic",33,$30.25,$33.58,36
09/03/2021,CHO,3184,"Squash, Summer, Zucchini",10,$20.00,$22.20,36
09/03/2021,YMF,3184,"Squash, Summer, Zucchini",7,$20.00,$22.20,36
09/03/2021,SGC,3134,"Sweet Corn, Organic",67,$27.00,$29.97,36
09/03/2021,CHO,3200,"Tomatoes, Grape",20,$30.00,$38.85,36
09/03/2021,MHG,3200,"Tomatoes, Grape",16,$35.00,$38.85,36
09/03/2021,MLP,3202,"Tomatoes, Slicers",10,$40.00,$44.40,36
09/03/2021,PBY,3202,"Tomatoes, Slicers",10,$40.00,$44.40,36
09/07/2021,CLP,3401,"Beans, Green",5,$62.50,$69.38,37
09/07/2021,D2D,3401,"Beans, Green",15,$62.50,$69.38,37
09/07/2021,MLG,3401,"Beans, Green",15,$62.50,$69.38,37
09/07/2021,PBY,3401,"Beans, Green",15,$62.50,$69.38,37
09/07/2021,KLF,3364,"Greens, Mustard",10,$36.00,$39.96,37
09/07/2021,MKV,3405,Okra,36,$51.00,$56.61,37
09/07/2021,MKV,3759,Onions,20,$40.00,$44.40,37
09/07/2021,PBY,3759,Onions,18,$40.00,$44.40,37
09/07/2021,SGC,3759,Onions,26,$40.00,$44.40,37
09/07/2021,WKH,3759,Onions,20,$40.00,$44.40,37
09/07/2021,CHO,3828,"Peppers, Bell",4,$35.00,$38.85,37
09/07/2021,CLP,3828,"Peppers, Bell",10,$35.00,$38.85,37
09/07/2021,NTN,3828,"Peppers, Bell",20,$35.00,$38.85,37
09/07/2021,MLG,3828,"Peppers, Bell",20,$35.00,$38.85,37
09/07/2021,SGC,3828,"Peppers, Bell",25,$35.00,$38.85,37
09/07/2021,CHO,3458,"Peppers, Habanero",8,$35.00,$38.85,37
09/07/2021,MKV,3458,"Peppers, Habanero",25,$35.00,$38.85,37
09/07/2021,PLT,3458,"Peppers, Habanero",25,$35.00,$38.85,37
09/07/2021,CBS,3153,"Peppers, Jalapeno",20,$25.50,$28.31,37
09/07/2021,MHG,3153,"Peppers, Jalapeno",8,$25.50,$28.31,37
09/07/2021,PLT,3153,"Peppers, Jalapeno",8,$25.50,$28.31,37
09/07/2021,SGC,3153,"Peppers, Jalapeno",26,$25.50,$28.31,37
09/07/2021,LXF,3171,"Potatoes, Yellow A",10,$50.00,$55.50,37
09/07/2021,MKV,3171,"Potatoes, Yellow A",10,$50.00,$55.50,37
09/07/2021,NTN,3171,"Potatoes, Yellow A",10,$50.00,$55.50,37
09/07/2021,SGC,3135,Sweet Corn,226,$27.00,$29.97,37
09/07/2021,SXF,3826,Sweet Potato Leaves,50,$30.00,$33.30,37
09/07/2021,CHO,3200,"Tomatoes, Grape",18,$35.00,$38.85,37
09/07/2021,WKH,3200,"Tomatoes, Grape",16,$35.00,$38.85,37
09/07/2021,AFC,3201,"Tomatoes, Roma",6,$35.00,$38.85,37
09/07/2021,CBS,3201,"Tomatoes, Roma",20,$35.00,$38.85,37
09/07/2021,KHF,3201,"Tomatoes, Roma",20,$35.00,$38.85,37
09/07/2021,SGC,3201,"Tomatoes, Roma",20,$35.00,$38.85,37
09/07/2021,DTF,3202,"Tomatoes, Slicers",71,$40.00,$44.40,37
09/07/2021,KHF,3202,"Tomatoes, Slicers",13,$40.00,$44.40,37
09/07/2021,PBY,3202,"Tomatoes, Slicers",10,$40.00,$44.40,37
09/07/2021,KSL,3202,"Tomatoes, Slicers",10,$40.00,$44.40,37
09/10/2021,YMF,3401,"Beans, Green",20,$62.50,$69.38,37
09/10/2021,HAF,3401,"Beans, Green",10,$62.50,$69.38,37
09/10/2021,AFC,3813,"Greens, Kale",8,$36.00,$39.96,37
09/10/2021,CLP,3813,"Greens, Kale",8,$36.00,$39.96,37
09/10/2021,HAF,3813,"Greens, Kale",8,$36.00,$39.96,37
09/10/2021,NTN,3813,"Greens, Kale",8,$36.00,$39.96,37
09/10/2021,PLT,3813,"Greens, Kale",6,$36.00,$39.96,37
09/10/2021,SGC,3135,Sweet Corn,67,$27.00,$29.97,37
09/10/2021,CHO,3202,"Tomatoes, Slicers",6,$40.00,$44.40,37
09/10/2021,MLP,3202,"Tomatoes, Slicers",10,$40.00,$44.40,37
09/10/2021,PBY,3202,"Tomatoes, Slicers",10,$40.00,$44.40,37
09/10/2021,KSL,3202,"Tomatoes, Slicers",10,$40.00,$44.40,37
09/10/2021,SEE,3202,"Tomatoes, Slicers, Organic",29,$34.00,$37.74,37
09/14/2021,YMF,3755,Carrots,15,$31.62,$35.10,38
09/14/2021,HAF,3755,Carrots,12,$31.62,$35.10,38
09/14/2021,NTN,3755,Carrots,30,$31.62,$35.10,38
09/14/2021,RSV,3755,Carrots,15,$31.62,$35.10,38
09/14/2021,CVP,3755,Carrots,30,$31.62,$35.10,38
09/14/2021,SGC,3807,Cauliflower,8,$23.00,$25.53,38
09/14/2021,CLP,3717,"Eggplant, Globe",50,$31.62,$35.10,38
09/14/2021,YMF,3717,"Eggplant, Globe",25,$31.62,$35.10,38
09/14/2021,KLF,3717,"Eggplant, Globe",25,$31.62,$35.10,38
09/14/2021,AFC,3138,"Greens, Collards",5,$36.00,$39.96,38
09/14/2021,D2D,3138,"Greens, Collards",10,$36.00,$39.96,38
09/14/2021,MLG,3138,"Greens, Collards",10,$36.00,$39.96,38
09/14/2021,NTN,3813,"Greens, Kale",2,$36.00,$39.96,38
09/14/2021,MKV,3405,Okra,19,$51.00,$56.61,38
09/14/2021,YMF,3759,Onions,20,$40.00,$44.40,38
09/14/2021,LXF,3759,Onions,20,$40.00,$44.40,38
09/14/2021,MLG,3759,Onions,20,$40.00,$44.40,38
09/14/2021,CHO,3828,"Peppers, Bell",20,$35.00,$38.85,38
09/14/2021,CLP,3828,"Peppers, Bell",10,$35.00,$38.85,38
09/14/2021,YMF,3828,"Peppers, Bell",3,$35.00,$38.85,38
09/14/2021,NTN,3828,"Peppers, Bell",20,$35.00,$38.85,38
09/14/2021,MLG,3828,"Peppers, Bell",20,$35.00,$38.85,38
09/14/2021,SGC,3828,"Peppers, Bell",21,$35.00,$38.85,38
09/14/2021,CHO,3458,"Peppers, Habanero",8,$35.00,$38.85,38
09/14/2021,HAF,3458,"Peppers, Habanero",8,$35.00,$38.85,38
09/14/2021,MKV,3458,"Peppers, Habanero",25,$35.00,$38.85,38
09/14/2021,PLT,3458,"Peppers, Habanero",25,$35.00,$38.85,38
09/14/2021,CBS,3153,"Peppers, Jalapeno",20,$25.50,$28.31,38
09/14/2021,MHG,3153,"Peppers, Jalapeno",8,$25.50,$28.31,38
09/14/2021,PLT,3153,"Peppers, Jalapeno",8,$25.50,$28.31,38
09/14/2021,SGC,3153,"Peppers, Jalapeno",24,$25.50,$28.31,38
09/14/2021,LXF,3166,"Potatoes, Red A",10,$50.00,$55.50,38
09/14/2021,MKV,3166,"Potatoes, Red A",10,$50.00,$55.50,38
09/14/2021,SXF,3826,Sweet Potato Leaves,50,$30.00,$33.30,38
09/14/2021,CHO,3200,"Tomatoes, Grape",18,$35.00,$38.85,38
09/14/2021,CHO,3200,"Tomatoes, Grape",8,$35.00,$38.85,38
09/14/2021,WKH,3200,"Tomatoes, Grape",16,$35.00,$38.85,38
09/14/2021,AFC,3201,"Tomatoes, Roma",6,$35.00,$38.85,38
09/14/2021,CBS,3201,"Tomatoes, Roma",20,$35.00,$38.85,38
09/14/2021,SGC,3201,"Tomatoes, Roma",20,$35.00,$38.85,38
09/14/2021,DTF,3202,"Tomatoes, Slicers",53,$40.00,$44.40,38
09/14/2021,KHF,3202,"Tomatoes, Slicers",13,$40.00,$44.40,38
09/17/2021,LXF,3755,Carrots,38,$31.62,$35.10,38
09/17/2021,HAF,3138,"Greens, Collards",8,$36.00,$39.96,38
09/17/2021,MLP,3138,"Greens, Collards",10,$36.00,$39.96,38
09/17/2021,KSL,3138,"Greens, Collards",10,$36.00,$39.96,38
09/17/2021,SEE,3828,"Peppers, Bell, Green, Organic",32,$35.00,$38.85,38
09/17/2021,KHF,3201,"Tomatoes, Roma",32,$35.00,$38.85,38
09/17/2021,PBY,3201,"Tomatoes, Roma",32,$35.00,$38.85,38
09/21/2021,AFC,3138,"Greens, Collards",10,$36.00,$39.96,39
09/21/2021,CLP,3813,"Greens, Kale",10,$36.00,$39.96,39
09/21/2021,D2D,3813,"Greens, Kale",10,$36.00,$39.96,39
09/21/2021,NTN,3813,"Greens, Kale",10,$36.00,$39.96,39
09/21/2021,PLT,3813,"Greens, Kale",10,$36.00,$39.96,39
09/21/2021,KLF,3364,"Greens, Mustard",10,$36.00,$39.96,39
09/21/2021,MKV,3759,Onions,10,$40.00,$44.40,39
09/21/2021,SGC,3759,Onions,40,$40.00,$44.40,39
09/21/2021,WKH,3759,Onions,20,$40.00,$44.40,39
09/21/2021,CLP,3828,"Peppers, Bell",10,$35.00,$38.85,39
09/21/2021,NTN,3828,"Peppers, Bell",20,$35.00,$38.85,39
09/21/2021,MLG,3828,"Peppers, Bell",20,$35.00,$38.85,39
09/21/2021,SGC,3828,"Peppers, Bell",15,$35.00,$38.85,39
09/21/2021,MKV,3458,"Peppers, Habanero",25,$35.00,$38.85,39
09/21/2021,MHG,3153,"Peppers, Jalapeno",8,$25.50,$28.31,39
09/21/2021,LXF,3171,"Potatoes, Yellow A",10,$50.00,$55.50,39
09/21/2021,MKV,3171,"Potatoes, Yellow A",8,$50.00,$55.50,39
09/21/2021,NTN,3171,"Potatoes, Yellow A",10,$50.00,$55.50,39
09/21/2021,YMF,3189,"Squash, Winter, Delicata",16,$35.00,$38.85,39
09/21/2021,SGC,3189,"Squash, Winter, Delicata",56,$35.00,$38.85,39
09/21/2021,SXF,3826,Sweet Potato Leaves,50,$30.00,$33.30,39
09/21/2021,CBS,3201,"Tomatoes, Roma",20,$35.00,$38.85,39
09/21/2021,KHF,3201,"Tomatoes, Roma",26,$35.00,$38.85,39
09/21/2021,SGC,3201,"Tomatoes, Roma",13,$35.00,$38.85,39
09/21/2021,DTF,3202,"Tomatoes, Slicers",53,$40.00,$44.40,39
09/21/2021,KHF,3202,"Tomatoes, Slicers",20,$40.00,$44.40,39
09/24/2021,MKV,3401,"Beans, Green",12,$62.50,$69.38,39
09/24/2021,D2D,3401,"Beans, Green",3,$62.50,$69.38,39
09/24/2021,NTN,3813,"Greens, Kale",36,$36.00,$39.96,39
09/24/2021,SEE,3189,"Squash, Winter, Delicata, Organic",52,$30.00,$33.30,39
09/24/2021,CHO,3202,"Tomatoes, Slicers",9,$40.00,$44.40,39
09/24/2021,MLP,3202,"Tomatoes, Slicers",12,$40.00,$44.40,39
09/24/2021,PBY,3202,"Tomatoes, Slicers",12,$40.00,$44.40,39
09/24/2021,KSL,3202,"Tomatoes, Slicers",12,$40.00,$44.40,39
09/28/2021,YMF,3592,Broccoli,0,$31.45,$34.91,40
09/28/2021,NTN,3592,Broccoli,30,$31.45,$34.91,40
09/28/2021,NTN,3592,Broccoli,0,$31.45,$34.91,40
09/28/2021,PBY,3592,Broccoli,0,$31.45,$34.91,40
09/28/2021,SGC,3592,Broccoli,0,$31.45,$34.91,40
09/28/2021,YMF,3807,Cauliflower,0,$23.00,$25.53,40
09/28/2021,SGC,3807,Cauliflower,5,$23.00,$25.53,40
09/28/2021,SGC,3807,Cauliflower,0,$23.00,$25.53,40
09/28/2021,STF,3807,Cauliflower,50,$23.00,$25.53,40
09/28/2021,STF,3807,Cauliflower,0,$23.00,$25.53,40
09/28/2021,AFC,3138,"Greens, Collards",8,$36.00,$39.96,40
09/28/2021,AFC,3138,"Greens, Collards",0,$36.00,$39.96,40
09/28/2021,LXF,3166,"Potatoes, Red A",10,$50.00,$55.50,40
09/28/2021,LXF,3166,"Potatoes, Red A",0,$50.00,$55.50,40
09/28/2021,MKV,3166,"Potatoes, Red A",0,$50.00,$55.50,40
09/28/2021,CVP,3166,"Potatoes, Red A",0,$50.00,$55.50,40
09/28/2021,CBS,3201,"Tomatoes, Roma",20,$35.00,$38.85,40
09/28/2021,KHF,3201,"Tomatoes, Roma",26,$35.00,$38.85,40
09/28/2021,SGC,3201,"Tomatoes, Roma",10,$35.00,$38.85,40
09/28/2021,KHF,3202,"Tomatoes, Slicers",20,$40.00,$44.40,40
10/01/2021,STF,3401,"Beans, Green",16,$62.50,$69.38,40
10/01/2021,YMF,3592,Broccoli,15,$31.45,$34.91,40
10/01/2021,MLP,3592,Broccoli,16,$31.45,$34.91,40
10/01/2021,KSL,3592,Broccoli,18,$31.45,$34.91,40
10/01/2021,WKH,3411,"Greens, Bok Choy, Baby",34,$54.00,$59.94,40
10/01/2021,HAF,3266,"Onions, Scallions",34,$28.80,$31.97,40
10/01/2021,SEE,3759,"Onions, Yellow, Organic",18,$40.00,$44.40,40
10/01/2021,LXF,3828,"Peppers, Bell",16,$35.00,$38.85,40
10/01/2021,MKV,3828,"Peppers, Bell, Green",27,$40.00,$44.40,40
10/05/2021,CLP,3613,"Beets Red, bulk",16,$26.31,$29.20,41
10/05/2021,LXF,3613,"Beets Red, bulk",18,$26.31,$29.20,41
10/05/2021,PBY,3613,"Beets Red, bulk",16,$26.31,$29.20,41
10/05/2021,YMF,3755,Carrots,15,$31.62,$35.10,41
10/05/2021,NTN,3755,Carrots,30,$31.62,$35.10,41
10/05/2021,RSV,3755,Carrots,15,$31.62,$35.10,41
10/05/2021,CVP,3755,Carrots,35,$31.62,$35.10,41
10/05/2021,YMF,3132,"Carrots, Rainbow",12,$31.62,$35.10,41
10/05/2021,YMF,3759,Onions,20,$40.00,$44.40,41
10/05/2021,LXF,3759,Onions,20,$40.00,$44.40,41
10/05/2021,MLG,3759,Onions,20,$40.00,$44.40,41
10/05/2021,SGC,3759,Onions,20,$40.00,$44.40,41
10/05/2021,LXF,3171,"Potatoes, Yellow A",10,$50.00,$55.50,41
10/05/2021,NTN,3171,"Potatoes, Yellow A",10,$50.00,$55.50,41
10/05/2021,D2D,3278,"Radish, Red, Bunched w/Tops",15,$33.75,$37.46,41
10/05/2021,MHG,3278,"Radish, Red, Bunched w/Tops",12,$33.75,$37.46,41
10/05/2021,CBS,3188,"Squash, Winter, Butternut",25,$24.65,$27.36,41
10/05/2021,SGC,3188,"Squash, Winter, Butternut",75,$24.65,$27.36,41
10/05/2021,YMF,3189,"Squash, Winter, Delicata",10,$35.00,$38.85,41
10/05/2021,SGC,3189,"Squash, Winter, Delicata",75,$35.00,$38.85,41
10/05/2021,CBS,3404,Tomatillos,20,$28.00,$31.08,41
10/08/2021,YMF,3079,Brussels Sprouts,29,$42.16,$46.80,41
10/08/2021,LXF,3079,Brussels Sprouts,40,$42.16,$46.80,41
10/08/2021,NTN,3079,Brussels Sprouts,10,$42.16,$46.80,41
10/08/2021,NTN,3754,Cabbage,57,$34.00,$37.74,41
10/08/2021,KSL,3754,Cabbage,16,$34.00,$37.74,41
10/08/2021,KSL,3754,Cabbage,1,$24.16,$26.82,41
10/08/2021,NTN,3755,Carrots,16,$31.62,$35.10,41
10/08/2021,YMF,3132,"Carrots, Rainbow",15,$31.62,$35.10,41
10/08/2021,SEE,3188,"Squash, Winter, Butternut, Organic",68,$18.00,$19.98,41
10/12/2021,LXF,3613,"Beets Red, bulk",18,$26.31,$29.20,42
10/12/2021,NTN,3613,"Beets Red, bulk",32,$26.31,$29.20,42
10/12/2021,PBY,3613,"Beets Red, bulk",16,$26.31,$29.20,42
10/12/2021,YMF,3755,Carrots,15,$31.62,$35.10,42
10/12/2021,NTN,3755,Carrots,30,$31.62,$35.10,42
10/12/2021,RSV,3755,Carrots,30,$31.62,$35.10,42
10/12/2021,CVP,3755,Carrots,30,$31.62,$35.10,42
10/12/2021,YMF,3132,"Carrots, Rainbow",12,$31.62,$35.10,42
10/12/2021,LXF,3132,"Carrots, Rainbow",60,$31.62,$35.10,42
10/12/2021,MLG,3759,Onions,40,$40.00,$44.40,42
10/12/2021,LXF,3828,"Peppers, Bell",35,$35.00,$38.85,42
10/12/2021,MHG,3828,"Peppers, Bell",20,$35.00,$38.85,42
10/12/2021,LXF,3166,"Potatoes, Red A",10,$50.00,$55.50,42
10/12/2021,CVP,3166,"Potatoes, Red A",10,$50.00,$55.50,42
10/12/2021,YMF,3178,"Radish, Purple Daikon",15,$30.00,$33.30,42
10/12/2021,CBS,3188,"Squash, Winter, Butternut",38,$24.65,$27.36,42
10/12/2021,SGC,3188,"Squash, Winter, Butternut",57,$24.65,$27.36,42
10/15/2021,WKH,3598,"Greens, Lettuce, Romaine",33,$31.50,$34.97,42
10/15/2021,SEE,3828,"Peppers, Bell, Green, Organic",32,$30.25,$33.58,42
10/15/2021,POG,3190,"Squash, Winter, Spaghetti",63,$33.25,$36.91,42
10/19/2021,CLP,3613,"Beets Red, bulk",16,$26.31,$29.20,43
10/19/2021,PBY,3613,"Beets Red, bulk",16,$26.31,$29.20,43
10/19/2021,SGC,3754,Cabbage,40,$34.00,$37.74,43
10/19/2021,YMF,3755,Carrots,15,$31.62,$35.10,43
10/19/2021,NTN,3755,Carrots,30,$31.62,$35.10,43
10/19/2021,RSV,3755,Carrots,15,$31.62,$35.10,43
10/19/2021,CVP,3755,Carrots,55,$31.62,$35.10,43
10/19/2021,LXF,3132,"Carrots, Rainbow",60,$31.62,$35.10,43
10/19/2021,WKH,3573,"Greens, Bok Choy",20,$40.00,$44.40,43
10/19/2021,NTN,3759,Onions,5,$40.00,$44.40,43
10/19/2021,SGC,3759,Onions,8,$40.00,$44.40,43
10/19/2021,WKH,3759,Onions,13,$40.00,$44.40,43
10/19/2021,LXF,3166,"Potatoes, Red A",10,$50.00,$55.50,43
10/19/2021,NTN,3166,"Potatoes, Red A",10,$50.00,$55.50,43
10/19/2021,YMF,3178,"Radish, Purple Daikon",26,$30.00,$33.30,43
10/19/2021,SGC,3188,"Squash, Winter, Butternut",67,$24.65,$27.36,43
10/19/2021,YMF,3189,"Squash, Winter, Delicata",22,$35.00,$38.85,43
10/19/2021,SGC,3189,"Squash, Winter, Delicata",10,$35.00,$38.85,43
10/22/2021,SGC,3768,"Cranberries, organic",63,$25.00,$27.75,43
10/22/2021,YMF,3813,"Greens, Kale",38,$36.00,$39.96,43
10/22/2021,SEE,3188,"Squash, Winter, Butternut, Organic",32,$18.00,$19.98,43
10/22/2021,SEE,3189,"Squash, Winter, Delicata, Organic",24,$30.00,$33.30,43
10/26/2021,CLP,3613,"Beets Red, bulk",16,$26.31,$29.20,44
10/26/2021,YMF,3755,Carrots,13,$31.62,$35.10,44
10/26/2021,NTN,3755,Carrots,30,$31.62,$35.10,44
10/26/2021,RSV,3755,Carrots,15,$31.62,$35.10,44
10/26/2021,WKH,3598,"Greens, Lettuce, Romaine",84,$31.50,$34.97,44
10/26/2021,LXF,3828,"Peppers, Bell",50,$35.00,$38.85,44
10/26/2021,PBY,3828,"Peppers, Bell, Green",50,$35.00,$38.85,44
10/26/2021,LXF,3449,"Peppers, Poblano",30,$40.00,$44.40,44
10/26/2021,YMF,3178,"Radish, Purple Daikon",29,$30.00,$33.30,44
10/29/2021,SEE,3188,"Squash, Winter, Butternut, Organic",30,$18.00,$19.98,44
11/02/2021,NTN,3754,Cabbage,15,$34.00,$37.74,45
11/02/2021,WKH,3316,"Greens, Lettuce, Green Leaf",26,$36.00,$39.96,45
11/02/2021,WKH,3300,"Greens, Lettuce, Salad Mix",26,$60.00,$66.60,45
11/02/2021,LXF,3759,Onions,20,$40.00,$44.40,45
11/02/2021,SGC,3188,"Squash, Winter, Butternut",25,$24.65,$27.36,45
11/02/2021,SGC,3190,"Squash, Winter, Spaghetti",50,$24.65,$27.36,45
11/05/2021,SEE,3105,"Cabbage, Green, Organic",30,$23.00,$25.53,45
11/05/2021,POG,3544,"Squash, Winter, Acorn",85,$35.00,$38.85,45
11/12/2021,SGC,3768,"Cranberries, organic",38,$25.00,$27.75,46
11/12/2021,SEE,3141,"Onions, Red, Organic",9,$50.00,$55.50,46
11/12/2021,SEE,3188,"Squash, Winter, Butternut, Organic",34,$24.00,$26.64,46
11/16/2021,NTN,3754,Cabbage,30,$34.00,$37.74,47
11/16/2021,D2D,3180,"Radish, Watermelon",13,$31.25,$34.69,47
11/19/2021,OHF,3107,"Carrots, Foodservice/Jumbo, Organic",47,$24.90,$27.64,47
11/19/2021,OHF,3107,"Carrots, Foodservice/Jumbo, Organic",7,$24.90,$27.64,47
12/03/2021,OHF,3613,"Beets, Red, Organic",18,$23.75,$26.36,49
12/03/2021,SEE,3105,"Cabbage, Green, Organic",450,$2.25,$2.50,49
06/15/2022,CMA,3278,"Radish, Red, Bunched w/Tops",5,$43.50,$48.29,25
06/15/2022,CBO,3278,"Radish, Red, Bunched w/Tops",5,$43.50,$48.29,25
06/17/2022,KHF,3806,"Greens, Lettuce, Head",15,$42.75,$47.45,25
06/17/2022,CMU,3266,"Onions, Scallions",12,$37.25,$41.35,25
06/17/2022,CVP,3266,"Onions, Scallions",12,$37.25,$41.35,25
06/24/2022,CMU,3266,"Onions, Scallions",12,$37.25,$41.35,26
06/24/2022,CVP,3266,"Onions, Scallions",12,$37.25,$41.35,26
06/24/2022,YMF,3806,"Greens, Lettuce, Head",10,$42.75,$47.45,26
06/24/2022,D2D,3278,"Radish, Red, Bunched w/Tops",15,$40.01,$48.29,26
06/24/2022,KHF,3806,"Greens, Lettuce, Head",15,$42.75,$47.45,26
06/24/2022,YMF,3266,"Onions, Scallions",10,$37.25,$41.35,26
06/24/2022,YMF,3266,"Onions, Scallions",10,$37.25,$41.35,26
06/30/2022,CBS,3278,"Radish, Red, Bunched w/Tops",5,$43.50,$48.29,27
06/30/2022,D2D,3278,"Radish, Red, Bunched w/Tops",15,$43.50,$48.29,27
06/30/2022,CVP,3266,"Onions, Scallions",24,$33.75,$37.46,27
06/30/2022,CMU,3266,"Onions, Scallions",12,$33.75,$37.46,27
06/30/2022,TEB,3266,"Onions, Scallions",12,$33.75,$37.46,27
07/05/2022,CHO,3278,"Radish, Red, Bunched w/Tops",20,$43.50,$48.29,28
07/05/2022,YMF,3266,"Onions, Scallions",10,$33.75,$37.46,28
07/05/2022,YMF,3806,"Greens, Lettuce, Head",10,$42.75,$47.45,28
07/08/2022,NTN,3266,"Onions, Scallions",10,$33.75,$37.46,28
07/08/2022,LVO,3138,"Greens, Collards",5,$42.75,$47.45,28
07/08/2022,HAF,3266,"Onions, Scallions",5,$33.75,$37.46,28
07/08/2022,CVP,3266,"Onions, Scallions",12,$33.75,$37.46,28
07/08/2022,CMU,3266,"Onions, Scallions",10,$33.75,$37.46,28
07/08/2022,D2D,3278,"Radish, Red, Bunched w/Tops",10,$43.50,$48.29,28
07/08/2022,HAF,3806,"Greens, Lettuce, Head",5,$42.75,$47.45,28
07/08/2022,YMF,3266,"Onions, Scallions",19,$33.75,$37.46,28
07/08/2022,RSV,3806,"Greens, Lettuce, Head",10,$42.75,$47.45,28
07/08/2022,YMF,3806,"Greens, Lettuce, Head",6,$42.75,$47.45,28
07/08/2022,AFC,3138,"Greens, Collards",8,$42.75,$47.45,28
07/15/2022,TEB,3266,"Onions, Scallions",12,$33.75,$37.46,29
07/15/2022,CBO,3669,"Greens, Chard",5,$42.75,$47.45,29
07/15/2022,JWI,3813,"Greens, Kale",5,$42.75,$47.45,29
07/15/2022,D2D,3278,"Radish, Red, Bunched w/Tops",5,$43.50,$48.29,29
07/15/2022,CMA,3813,"Greens, Kale",5,$42.75,$47.45,29
07/15/2022,CMU,3138,"Greens, Collards",10,$42.75,$47.45,29
07/15/2022,CHO,3278,"Radish, Red, Bunched w/Tops",15,$43.50,$48.29,29
07/15/2022,HAF,3266,"Onions, Scallions",10,$33.75,$37.46,29
07/15/2022,YMF,3266,"Onions, Scallions",3,$33.75,$37.46,29
07/15/2022,CBO,3138,"Greens, Collards",10,$42.75,$47.45,29
07/15/2022,CMA,3266,"Onions, Scallions",5,$33.75,$37.46,29
07/15/2022,D2D,3138,"Greens, Collards",18,$42.75,$47.45,29
07/15/2022,ONC,3266,"Onions, Scallions",5,$33.75,$37.46,29
07/15/2022,RSV,3362,"Cucumbers, Pickling",12,$24.00,$26.64,29
07/15/2022,D2D,3813,"Greens, Kale",16,$42.75,$47.45,29
07/15/2022,NTN,3813,"Greens, Kale",18,$42.75,$47.45,29
07/15/2022,LVO,3138,"Greens, Collards",5,$42.75,$47.45,29
07/20/2022,CHO,3278,"Radish, Red, Bunched w/Tops",20,$43.50,$48.29,30
07/20/2022,D2D,3278,"Radish, Red, Bunched w/Tops",10,$43.50,$48.29,30
07/20/2022,NTN,3813,"Greens, Kale",10,$42.75,$47.45,30
07/20/2022,PBY,3809,"Beans, Green, Yellow, or Purple",4,$71.00,$78.81,30
07/20/2022,YMF,3362,"Cucumbers, Pickling",11,$24.00,$26.64,30
07/20/2022,D2D,3813,"Greens, Kale",5,$42.75,$47.45,30
07/20/2022,LVO,3138,"Greens, Collards",1,$42.75,$47.45,30
07/20/2022,JWI,3138,"Greens, Collards",4,$42.75,$47.45,30
07/20/2022,CBO,3138,"Greens, Collards",3,$42.75,$47.45,30
07/20/2022,JWI,3813,"Greens, Kale",5,$42.75,$47.45,30
07/27/2022,KSL,3669,"Greens, Chard",13,$42.75,$47.45,31
07/27/2022,CBO,3669,"Greens, Chard",10,$42.75,$47.45,31
07/27/2022,CVP,3826,"Greens, Sweet Potato Leaves",10,$35.25,$39.13,31
07/27/2022,D2D,3278,"Radish, Red, Bunched w/Tops",8,$43.50,$48.29,31
07/27/2022,ONC,3809,"Beans, Green, Yellow, or Purple",4,$71.00,$78.81,31
07/27/2022,TXI,3826,"Greens, Sweet Potato Leaves",10,$35.25,$39.13,31
07/27/2022,YMF,3099,Beets Red w/greens,18,$43.25,$48.01,31
07/27/2022,JWI,3138,"Greens, Collards",5,$42.75,$47.45,31
07/27/2022,LOF,3813,"Greens, Kale",5,$42.75,$47.45,31
07/27/2022,KSL,3362,"Cucumbers, Pickling",11,$24.00,$26.64,31
07/27/2022,CBO,3813,"Greens, Kale",5,$42.75,$47.45,31
07/27/2022,MLG,3809,"Beans, Green, Yellow, or Purple",10,$71.00,$78.81,31
07/27/2022,AFC,3138,"Greens, Collards",8,$42.75,$47.45,31
07/27/2022,ONC,3669,"Greens, Chard",4,$42.75,$47.45,31
07/27/2022,HAF,3809,"Beans, Green, Yellow, or Purple",10,$71.00,$78.81,31
07/27/2022,MLG,3826,"Greens, Sweet Potato Leaves",10,$35.25,$39.13,31
07/27/2022,CLP,3826,"Greens, Sweet Potato Leaves",10,$35.25,$39.13,31
07/27/2022,D2D,3138,"Greens, Collards",10,$42.75,$47.45,31
07/27/2022,NTN,3809,"Beans, Green, Yellow, or Purple",15,$71.00,$78.81,31
07/27/2022,D2D,3182,"Squash, Summer, Patty Pan",17,$24.00,$26.64,31
07/27/2022,CHO,3278,"Radish, Red, Bunched w/Tops",40,$43.50,$48.29,31
07/27/2022,PBY,3809,"Beans, Green, Yellow, or Purple",10,$71.00,$78.81,31
07/27/2022,TEB,3099,Beets Red w/greens,10,$43.25,$48.01,31
07/27/2022,YMF,3809,"Beans, Green, Yellow, or Purple",22,$71.00,$78.81,31
07/27/2022,CLP,3182,"Squash, Summer, Patty Pan",13,$24.00,$26.64,31
07/27/2022,SXF,3362,"Cucumbers, Pickling",11,$24.00,$26.64,31
07/27/2022,SXF,3826,"Greens, Sweet Potato Leaves",50,$35.25,$39.13,31
07/27/2022,MMO,3813,"Greens, Kale",5,$42.75,$47.45,31
07/27/2022,CMU,3138,"Greens, Collards",10,$42.75,$47.45,31
07/27/2022,CMA,3138,"Greens, Collards",5,$42.75,$47.45,31
07/27/2022,CLP,3813,"Greens, Kale",10,$42.75,$47.45,31
07/27/2022,CMA,3669,"Greens, Chard",4,$42.75,$47.45,31
07/27/2022,CLP,3184,"Squash, Summer, Zucchini",18,$24.00,$26.64,31
07/27/2022,MMO,3669,"Greens, Chard",15,$42.75,$47.45,31
08/03/2022,HAF,3809,"Beans, Green, Yellow, or Purple",5,$71.00,$78.81,32
08/03/2022,CMA,3138,"Greens, Collards",5,$42.75,$47.45,32
08/03/2022,KSL,3669,"Greens, Chard",14,$42.75,$47.45,32
08/03/2022,CVP,3702,"Greens, Spinach, Malabar",12,$36.50,$40.52,32
08/03/2022,YMF,3809,"Beans, Green, Yellow, or Purple",10,$71.00,$78.81,32
08/03/2022,LOF,3362,"Cucumbers, Pickling",11,$24.00,$26.64,32
08/03/2022,PBY,3809,"Beans, Green, Yellow, or Purple",10,$71.00,$78.81,32
08/03/2022,PZM,3153,"Peppers, Jalapeno",21,$30.00,$33.30,32
08/03/2022,MLG,3809,"Beans, Green, Yellow, or Purple",5,$71.00,$78.81,32
08/03/2022,MMO,3669,"Greens, Chard",11,$42.75,$47.45,32
08/03/2022,TXI,3826,"Greens, Sweet Potato Leaves",10,$35.25,$39.13,32
08/03/2022,MLG,3702,"Greens, Spinach, Malabar",14,$36.50,$40.52,32
08/03/2022,D2D,3182,"Squash, Summer, Patty Pan",3,$24.00,$26.64,32
08/03/2022,D2D,3138,"Greens, Collards",10,$42.75,$47.45,32
08/03/2022,LEE,3809,"Beans, Green, Yellow, or Purple",10,$71.00,$78.81,32
08/03/2022,CMU,3138,"Greens, Collards",10,$42.75,$47.45,32
08/03/2022,MHA,3362,"Cucumbers, Pickling",6,$24.00,$26.64,32
08/03/2022,MLG,3826,"Greens, Sweet Potato Leaves",10,$35.25,$39.13,32
08/03/2022,CLP,3182,"Squash, Summer, Patty Pan",15,$24.00,$26.64,32
08/03/2022,ONC,3754,Cabbage,10,$40.75,$45.23,32
08/03/2022,JWI,3138,"Greens, Collards",10,$42.75,$47.45,32
08/03/2022,LDX,3754,Cabbage,5,$40.75,$45.23,32
08/03/2022,CBS,3361,"Cucumbers, Slicing",8,$24.00,$26.64,32
08/03/2022,LOF,3364,"Greens, Mustard",13,$42.75,$47.45,32
08/03/2022,AGF,3404,Tomatillos,12,$32.75,$36.35,32
08/03/2022,CMA,3813,"Greens, Kale",5,$42.75,$47.45,32
08/03/2022,D2D,3278,"Radish, Red, Bunched w/Tops",16,$43.50,$48.29,32
08/03/2022,BXF,3826,"Greens, Sweet Potato Leaves",10,$35.25,$39.13,32
08/03/2022,AFC,3138,"Greens, Collards",8,$42.75,$47.45,32
08/03/2022,TXI,3362,"Cucumbers, Pickling",11,$24.00,$26.64,32
08/03/2022,MMO,3813,"Greens, Kale",5,$42.75,$47.45,32
08/03/2022,NTN,3809,"Beans, Green, Yellow, or Purple",15,$71.00,$78.81,32
08/03/2022,SXF,3826,"Greens, Sweet Potato Leaves",50,$35.25,$39.13,32
08/05/2022,LDX,3153,"Peppers, Jalapeno",10,$30.00,$33.30,32
08/05/2022,MHG,3362,"Cucumbers, Pickling",15,$24.00,$26.64,32
08/05/2022,MHG,3184,"Squash, Summer, Zucchini",5,$24.00,$26.64,32
08/05/2022,LOF,3362,"Cucumbers, Pickling",2,$24.00,$26.64,32
08/10/2022,JWI,3138,"Greens, Collards",1,$42.75,$47.45,33
08/10/2022,JWI,3813,"Greens, Kale",5,$42.75,$47.45,33
08/10/2022,CLP,3182,"Squash, Summer, Patty Pan",10,$24.00,$26.64,33
08/10/2022,SXF,3362,"Cucumbers, Pickling",11,$24.00,$26.64,33
08/10/2022,SRF,3759,Onions,70,$46.25,$51.34,33
08/10/2022,NTN,3809,"Beans, Green, Yellow, or Purple",15,$71.00,$78.81,33
08/10/2022,D2D,3182,"Squash, Summer, Patty Pan",15,$24.00,$26.64,33
08/10/2022,SXF,3826,"Greens, Sweet Potato Leaves",50,$35.25,$39.13,33
08/10/2022,MLG,3826,"Greens, Sweet Potato Leaves",10,$35.25,$39.13,33
08/10/2022,MMO,3813,"Greens, Kale",5,$42.75,$47.45,33
08/10/2022,CMA,3669,"Greens, Chard",5,$42.75,$47.45,33
08/10/2022,CMA,3754,Cabbage,10,$40.75,$45.23,33
08/10/2022,HAF,3809,"Beans, Green, Yellow, or Purple",5,$71.00,$78.81,33
08/10/2022,ONC,3669,"Greens, Chard",5,$42.75,$47.45,33
08/10/2022,LFF,3775,Kohlrabi,18,$35.00,$38.85,33
08/10/2022,HAF,3362,"Cucumbers, Pickling",6,$24.00,$26.64,33
08/10/2022,PZM,3153,"Peppers, Jalapeno",11,$30.00,$33.30,33
08/10/2022,YMF,3809,"Beans, Green, Yellow, or Purple",10,$71.00,$78.81,33
08/10/2022,CLP,3826,"Greens, Sweet Potato Leaves",10,$35.25,$39.13,33
08/10/2022,PBY,3809,"Beans, Green, Yellow, or Purple",10,$71.00,$78.81,33
08/10/2022,CBO,3813,"Greens, Kale",5,$42.75,$47.45,33
08/10/2022,CLP,3813,"Greens, Kale",10,$42.75,$47.45,33
08/10/2022,CVP,3826,"Greens, Sweet Potato Leaves",10,$35.25,$39.13,33
08/10/2022,LDX,3153,"Peppers, Jalapeno",10,$30.00,$33.30,33
08/10/2022,LOF,3813,"Greens, Kale",5,$42.75,$47.45,33
08/10/2022,CLP,3184,"Squash, Summer, Zucchini",8,$24.00,$26.64,33
08/10/2022,TXI,3826,"Greens, Sweet Potato Leaves",10,$35.25,$39.13,33
08/10/2022,MLG,3854,"Greens, Pumpkin Vine",12,$36.50,$40.52,33
08/10/2022,ONC,3754,Cabbage,5,$40.75,$45.23,33
08/10/2022,AFC,3138,"Greens, Collards",8,$42.75,$47.45,33
08/10/2022,LFF,3153,"Peppers, Jalapeno",15,$30.00,$33.30,33
08/10/2022,MLG,3759,Onions,10,$46.25,$51.34,33
08/10/2022,SRF,3809,"Beans, Green, Yellow, or Purple",10,$71.00,$78.81,33
08/12/2022,SXF,3362,"Cucumbers, Pickling",11,$24.00,$26.64,33
08/12/2022,D2D,3813,"Greens, Kale",7,$42.75,$47.45,33
08/12/2022,D2D,3166,"Potatoes, Red",1,$57.25,$63.55,33
08/12/2022,YMF,3362,"Cucumbers, Pickling",5,$24.00,$26.64,33
08/12/2022,NTN,3809,"Beans, Green, Yellow, or Purple",15,$71.00,$78.81,33
08/12/2022,LEE,3809,"Beans, Green, Yellow, or Purple",10,$71.00,$78.81,33
08/12/2022,HOP,3099,Beets Red w/greens,10,$43.25,$48.01,33
08/12/2022,D2D,3138,"Greens, Collards",19,$42.75,$47.45,33
08/12/2022,CBS,3404,Tomatillos,17,$32.75,$36.35,33
08/12/2022,MFP,3266,"Onions, Scallions",6,$33.75,$37.46,33
08/17/2022,CBO,3138,"Greens, Collards",5,$42.75,$47.45,34
08/17/2022,CLP,3717,"Eggplant, Globe",2,$37.00,$41.07,34
08/17/2022,CMA,3138,"Greens, Collards",4,$42.75,$47.45,34
08/17/2022,PBY,3717,"Eggplant, Globe",15,$37.00,$41.07,34
08/17/2022,BXF,3854,"Greens, Pumpkin Vine",12,$36.50,$40.52,34
08/17/2022,PLT,3702,"Greens, Spinach, Malabar",12,$36.50,$40.52,34
08/17/2022,YMF,3853,"Greens, Eggplant-12 ct ",20,$36.50,$40.52,34
08/17/2022,AGF,3734,"Melon, Honeydew",50,$26.75,$29.69,34
08/17/2022,MLG,3826,"Greens, Sweet Potato Leaves",10,$35.25,$39.13,34
08/17/2022,KHF,3201,"Tomatoes, Roma",15,$40.50,$44.96,34
08/17/2022,PBY,3668,"Eggplant, Japanese",10,$34.25,$38.02,34
08/17/2022,BXF,3826,"Greens, Sweet Potato Leaves",10,$35.25,$39.13,34
08/17/2022,CVP,3702,"Greens, Spinach, Malabar",10,$36.50,$40.52,34
08/17/2022,HOP,3717,"Eggplant, Globe",10,$37.00,$41.07,34
08/17/2022,CLP,3668,"Eggplant, Japanese",25,$34.25,$38.02,34
08/17/2022,MHA,3362,"Cucumbers, Pickling",11,$24.00,$26.64,34
08/17/2022,CLP,3362,"Cucumbers, Pickling",7,$24.00,$26.64,34
08/17/2022,LDX,3153,"Peppers, Jalapeno",10,$30.00,$33.30,34
08/17/2022,KHF,3668,"Eggplant, Japanese",16,$34.25,$38.02,34
08/17/2022,TXI,3826,"Greens, Sweet Potato Leaves",10,$35.25,$39.13,34
08/17/2022,BXF,3138,"Greens, Collards",6,$42.75,$47.45,34
08/17/2022,BXF,3702,"Greens, Spinach, Malabar",12,$36.50,$40.52,34
08/17/2022,KHF,3153,"Peppers, Jalapeno",49,$30.00,$33.30,34
08/17/2022,PLT,3854,"Greens, Pumpkin Vine",14,$36.50,$40.52,34
08/17/2022,TXI,3702,"Greens, Spinach, Malabar",12,$36.50,$40.52,34
08/17/2022,PLT,3853,"Greens, Eggplant-12 ct ",20,$36.50,$40.52,34
08/17/2022,YMF,3717,"Eggplant, Globe",10,$37.00,$41.07,34
08/17/2022,YMF,3668,"Eggplant, Japanese",10,$34.25,$38.02,34
08/17/2022,AGF,3404,Tomatillos,46,$32.75,$36.35,34
08/17/2022,CBS,3153,"Peppers, Jalapeno",12,$30.00,$33.30,34
08/17/2022,MLG,3702,"Greens, Spinach, Malabar",14,$36.50,$40.52,34
08/17/2022,AFC,3138,"Greens, Collards",8,$42.75,$47.45,34
08/17/2022,TXI,3362,"Cucumbers, Pickling",10,$24.00,$26.64,34
08/17/2022,KHF,3202,"Tomatoes, Slicers",39,$46.00,$51.06,34
08/17/2022,LOF,3362,"Cucumbers, Pickling",11,$24.00,$26.64,34
08/17/2022,MLG,3854,"Greens, Pumpkin Vine",14,$36.50,$40.52,34
08/17/2022,AGF,3733,"Melon, Cantaloupe",100,$26.75,$29.69,34
08/17/2022,CLP,3826,"Greens, Sweet Potato Leaves",10,$35.25,$39.13,34
08/17/2022,PLT,3668,"Eggplant, Japanese",10,$34.25,$38.02,34
08/17/2022,YMF,3702,"Greens, Spinach, Malabar",14,$36.50,$40.52,34
08/17/2022,MFP,3153,"Peppers, Jalapeno",10,$30.00,$33.30,34
08/17/2022,CBS,3404,Tomatillos,120,$32.75,$36.35,34
08/17/2022,LFF,3153,"Peppers, Jalapeno",19,$30.00,$33.30,34
08/17/2022,DTF,3202,"Tomatoes, Slicers",51,$46.00,$51.06,34
08/17/2022,LOF,3364,"Greens, Mustard",5,$42.75,$47.45,34
08/17/2022,CVP,3826,"Greens, Sweet Potato Leaves",10,$35.25,$39.13,34
08/17/2022,SXF,3826,"Greens, Sweet Potato Leaves",50,$35.25,$39.13,34
08/19/2022,MLG,3759,Onions,10,$46.25,$51.34,34
08/19/2022,CMA,3754,Cabbage,10,$40.75,$45.23,34
08/19/2022,CLP,3182,"Squash, Summer, Patty Pan",9,$24.00,$26.64,34
08/19/2022,SRF,3759,Onions,3,$46.25,$51.34,34
08/19/2022,LFF,3828,"Peppers, Bell",22,$40.75,$45.23,34
08/19/2022,MLG,3758,"Eggplant, African (Bitter ball)",3,$24.00,$26.64,34
08/19/2022,PBY,3759,Onions,10,$46.25,$51.34,34
08/19/2022,PZM,3828,"Peppers, Bell",13,$40.75,$45.23,34
08/19/2022,CBS,3404,Tomatillos,123,$32.75,$36.35,34
08/19/2022,CMU,3138,"Greens, Collards",10,$42.75,$47.45,34
08/19/2022,CLP,3184,"Squash, Summer, Zucchini",7,$24.00,$26.64,34
08/19/2022,CAL,3153,"Peppers, Jalapeno",13,$30.00,$33.30,34
08/19/2022,CBS,3153,"Peppers, Jalapeno",11,$30.00,$33.30,34
08/19/2022,D2D,3754,Cabbage,10,$40.75,$45.23,34
08/19/2022,ONC,3669,"Greens, Chard",10,$42.75,$47.45,34
08/24/2022,D2D,3813,"Greens, Kale",9,$42.75,$47.45,35
08/24/2022,TXI,3702,"Greens, Spinach, Malabar",12,$36.50,$40.52,35
08/24/2022,MLG,3702,"Greens, Spinach, Malabar",14,$36.50,$40.52,35
08/24/2022,CVP,3702,"Greens, Spinach, Malabar",13,$36.50,$40.52,35
08/24/2022,DTF,3202,"Tomatoes, Slicers",36,$46.00,$51.06,35
08/24/2022,KHF,3201,"Tomatoes, Roma",30,$40.50,$44.96,35
08/24/2022,PLT,3702,"Greens, Spinach, Malabar",12,$36.50,$40.52,35
08/24/2022,PBY,3668,"Eggplant, Japanese",10,$34.25,$38.02,35
08/24/2022,CBS,3153,"Peppers, Jalapeno",12,$30.00,$33.30,35
08/24/2022,AGF,3404,Tomatillos,46,$32.75,$36.35,35
08/24/2022,MHG,3200,"Tomatoes, Grape",9,$40.50,$44.96,35
08/24/2022,PLT,3364,"Greens, Mustard",5,$42.75,$47.45,35
08/24/2022,PLT,3758,"Eggplant, African (Bitter ball)",22,$24.00,$26.64,35
08/24/2022,CBO,3813,"Greens, Kale",2,$42.75,$47.45,35
08/24/2022,D2D,3200,"Tomatoes, Grape",26,$40.50,$44.96,35
08/24/2022,YMF,3200,"Tomatoes, Grape",18,$40.50,$44.96,35
08/24/2022,MFP,3828,"Peppers, Bell",12,$40.75,$45.23,35
08/24/2022,PLT,3854,"Greens, Pumpkin Vine",24,$36.50,$40.52,35
08/24/2022,MLG,3826,"Greens, Sweet Potato Leaves",10,$35.25,$39.13,35
08/24/2022,PLT,3853,"Greens, Eggplant Leaves - 12 bunch",20,$36.50,$40.52,35
08/24/2022,SRF,3828,"Peppers, Bell",10,$40.75,$45.23,35
08/24/2022,SXF,3758,"Eggplant, African (Bitter ball)",11,$24.00,$26.64,35
08/24/2022,YMF,3702,"Greens, Spinach, Malabar",14,$36.50,$40.52,35
08/24/2022,PLT,3458,"Peppers, Habanero",10,$40.50,$44.96,35
08/24/2022,LDX,3754,Cabbage,10,$40.75,$45.23,35
08/24/2022,LDX,3153,"Peppers, Jalapeno",21,$30.00,$33.30,35
08/24/2022,LFF,3153,"Peppers, Jalapeno",15,$30.00,$33.30,35
08/24/2022,TXI,3826,"Greens, Sweet Potato Leaves",10,$35.25,$39.13,35
08/24/2022,CVP,3826,"Greens, Sweet Potato Leaves",11,$35.25,$39.13,35
08/24/2022,CLP,3813,"Greens, Kale",10,$42.75,$47.45,35
08/24/2022,AGF,3733,"Melon, Cantaloupe",60,$26.75,$29.69,35
08/24/2022,PBY,3592,Broccoli,1,$37.00,$41.07,35
08/24/2022,LOF,3813,"Greens, Kale",5,$42.75,$47.45,35
08/24/2022,CBS,3404,Tomatillos,86,$32.75,$36.35,35
08/24/2022,BXF,3702,"Greens, Spinach, Malabar",11,$36.50,$40.52,35
08/24/2022,JWI,3813,"Greens, Kale",5,$42.75,$47.45,35
08/24/2022,BXF,3854,"Greens, Pumpkin Vine",7,$36.50,$40.52,35
08/24/2022,HAF,3758,"Eggplant, African (Bitter ball)",11,$24.00,$26.64,35
08/24/2022,CLP,3717,"Eggplant, Globe",7,$37.00,$41.07,35
08/24/2022,MLG,3758,"Eggplant, African (Bitter ball)",11,$24.00,$26.64,35
08/24/2022,SXF,3826,"Greens, Sweet Potato Leaves",50,$35.25,$39.13,35
08/24/2022,MFP,3364,"Greens, Mustard",5,$42.75,$47.45,35
08/24/2022,KHF,3153,"Peppers, Jalapeno",23,$30.00,$33.30,35
08/24/2022,NTN,3813,"Greens, Kale",10,$42.75,$47.45,35
08/24/2022,BXF,3826,"Greens, Sweet Potato Leaves",10,$35.25,$39.13,35
08/24/2022,CMU,3202,"Tomatoes, Slicers",10,$46.00,$51.06,35
08/24/2022,MLG,3854,"Greens, Pumpkin Vine",14,$36.50,$40.52,35
08/24/2022,LFF,3828,"Peppers, Bell",25,$40.75,$45.23,35
08/24/2022,TXI,3758,"Eggplant, African (Bitter ball)",11,$24.00,$26.64,35
08/24/2022,AGF,3734,"Melon,  Honeydew",60,$31.25,$34.69,35
08/26/2022,CAL,3153,"Peppers, Jalapeno",11,$30.00,$33.30,35
08/26/2022,HOP,3362,"Cucumbers, Pickling",5,$24.00,$26.64,35
08/26/2022,D2D,3754,Cabbage,5,$40.75,$45.23,35
08/26/2022,TXI,3362,"Cucumbers, Pickling",10,$24.00,$26.64,35
08/26/2022,KHF,3668,"Eggplant, Japanese",14,$34.25,$38.02,35
08/26/2022,CHO,3278,"Radish, Red, Bunched w/Tops",40,$43.50,$48.29,35
08/26/2022,RSV,3828,"Peppers, Bell",4,$40.75,$45.23,35
08/26/2022,RSV,3809,"Beans, Green, Yellow, or Purple",4,$71.00,$78.81,35
08/26/2022,LEE,3828,"Peppers, Bell",10,$40.75,$45.23,35
08/26/2022,MLG,3759,Onions,10,$46.25,$51.34,35
08/26/2022,RSV,3362,"Cucumbers, Pickling",1,$24.00,$26.64,35
08/26/2022,CMA,3813,"Greens, Kale",3,$42.75,$47.45,35
08/26/2022,TXI,3826,"Greens, Sweet Potato Leaves",15,$35.25,$39.13,35
08/26/2022,CBO,3813,"Greens, Kale",5,$42.75,$47.45,35
08/26/2022,KHF,3853,"Greens, Eggplant Leaves - 12 bunch",10,$36.50,$40.52,35
08/26/2022,TXI,3702,"Greens, Malabar",15,$36.50,$40.52,35
08/26/2022,PBY,3717,"Eggplant, Globe",7,$37.00,$41.07,35
08/26/2022,LFF,3775,Kohlrabi,25,$35.00,$38.85,35
08/26/2022,PZM,3153,"Peppers, Jalapeno",10,$30.00,$33.30,35
08/26/2022,LOF,3362,"Cucumbers, Pickling",16,$24.00,$26.64,35
08/31/2022,D2D,3754,Cabbage,5,$40.75,$45.23,36
08/31/2022,SXF,3758,"Eggplant, African (Bitter ball)",11,$24.00,$26.64,36
08/31/2022,PLT,3854,"Greens, Pumpkin Vine",14,$36.50,$40.52,36
08/31/2022,DTF,3202,"Tomatoes, Slicers",36,$46.00,$51.06,36
08/31/2022,CHO,3278,"Radish, Red, Bunched w/Tops",60,$43.50,$48.29,36
08/31/2022,MLG,3364,"Greens, Mustard",10,$42.75,$47.45,36
08/31/2022,CBO,3138,"Greens, Collards",5,$42.75,$47.45,36
08/31/2022,MFP,3364,"Greens, Mustard",5,$42.75,$47.45,36
08/31/2022,TXI,3758,"Eggplant, African (Bitter ball)",22,$24.00,$26.64,36
08/31/2022,PBY,3201,"Tomatoes, Roma",18,$40.50,$44.96,36
08/31/2022,CAL,3153,"Peppers, Jalapeno",12,$30.00,$33.30,36
08/31/2022,KHF,3153,"Peppers, Jalapeno",13,$30.00,$33.30,36
08/31/2022,YMF,3754,Cabbage,10,$40.75,$45.23,36
08/31/2022,MFP,3153,"Peppers, Jalapeno",10,$30.00,$33.30,36
08/31/2022,CAL,3201,"Tomatoes, Roma",15,$40.50,$44.96,36
08/31/2022,SRF,3201,"Tomatoes, Roma",18,$40.50,$44.96,36
08/31/2022,MFP,3458,"Peppers, Habanero",10,$40.50,$44.96,36
08/31/2022,PBY,3592,Broccoli,10,$37.00,$41.07,36
08/31/2022,MHG,3200,"Tomatoes, Grape",6,$40.50,$44.96,36
08/31/2022,SRF,3759,Onions,50,$46.25,$51.34,36
08/31/2022,PLT,3702,"Greens, Malabar",12,$36.50,$40.52,36
08/31/2022,PLT,3458,"Peppers, Habanero",10,$40.50,$44.96,36
08/31/2022,CBS,3404,Tomatillos,66,$32.75,$36.35,36
08/31/2022,LFF,3828,"Peppers, Bell",10,$40.75,$45.23,36
08/31/2022,CBS,3153,"Peppers, Jalapeno",12,$30.00,$33.30,36
08/31/2022,AGF,3201,"Tomatoes, Roma",7,$40.50,$44.96,36
08/31/2022,D2D,3200,"Tomatoes, Grape",30,$40.50,$44.96,36
08/31/2022,PLT,3758,"Eggplant, African (Bitter ball)",22,$24.00,$26.64,36
08/31/2022,TEB,3854,"Greens, Pumpkin Vine",12,$36.50,$40.52,36
08/31/2022,LFF,3153,"Peppers, Jalapeno",10,$30.00,$33.30,36
08/31/2022,LEE,3828,"Peppers, Bell",10,$40.75,$45.23,36
08/31/2022,CBO,3669,"Greens, Chard",5,$42.75,$47.45,36
08/31/2022,PZM,3828,"Peppers, Bell",10,$40.75,$45.23,36
08/31/2022,HOP,3166,"Potatoes, Red",17,$57.25,$63.55,36
08/31/2022,LDX,3153,"Peppers, Jalapeno",10,$30.00,$33.30,36
08/31/2022,ONC,3754,Cabbage,9,$40.75,$45.23,36
09/01/2022,SRF,3135,Sweet Corn,0,$31.25,$34.69,36
09/01/2022,CHO,3184,"Squash, Summer, Zucchini",14,$24.00,$26.64,36
09/01/2022,AGF,3449,"Peppers, Poblano",6,$46.25,$51.34,36
09/01/2022,SXF,3362,"Cucumbers, Pickling",11,$24.00,$26.64,36
09/01/2022,CHO,3361,"Cucumbers, Slicing",28,$24.00,$26.64,36
09/01/2022,RSV,3755,Carrots,22,$36.75,$40.79,36
09/07/2022,CVP,3702,"Greens, Malabar",24,$36.50,$40.52,37
09/07/2022,PLT,3702,"Greens, Malabar",30,$36.50,$40.52,37
09/07/2022,MLG,3826,"Greens, Sweet Potato Leaves",10,$35.25,$39.13,37
09/07/2022,YMF,3853,"Greens, Eggplant Leaves - 12 bunch",40,$36.50,$40.52,37
09/07/2022,LOF,3813,"Greens, Kale",5,$42.75,$47.45,37
09/07/2022,YMF,3702,"Greens, Malabar",14,$36.50,$40.52,37
09/07/2022,PLT,3758,"Eggplant, African (Bitter ball)",22,$24.00,$26.64,37
09/07/2022,YMF,3717,"Eggplant, Globe",10,$37.00,$41.07,37
09/07/2022,PBY,3717,"Eggplant, Globe",15,$37.00,$41.07,37
09/07/2022,PLT,3364,"Greens, Mustard",5,$42.75,$47.45,37
09/07/2022,TEB,3266,"Onions, Scallions",10,$33.75,$37.46,37
09/07/2022,CLP,3813,"Greens, Kale",5,$42.75,$47.45,37
09/07/2022,MLG,3364,"Greens, Mustard",10,$42.75,$47.45,37
09/07/2022,HOP,3717,"Eggplant, Globe",10,$37.00,$41.07,37
09/07/2022,PLT,3458,"Peppers, Habanero",10,$40.50,$44.96,37
09/07/2022,RSV,3809,"Beans, Green, Yellow, or Purple",18,$71.00,$78.81,37
09/07/2022,TEB,3854,"Greens, Pumpkin Vine",10,$36.50,$40.52,37
09/07/2022,D2D,3813,"Greens, Kale",8,$42.75,$47.45,37
09/07/2022,MMO,3364,"Greens, Mustard",10,$42.75,$47.45,37
09/07/2022,SXF,3758,"Eggplant, African (Bitter ball)",11,$24.00,$26.64,37
09/07/2022,MLG,3702,"Greens, Malabar",14,$36.50,$40.52,37
09/07/2022,CMU,3202,"Tomatoes, Slicers",2,$46.00,$51.06,37
09/07/2022,CVP,3826,"Greens, Sweet Potato Leaves",10,$35.25,$39.13,37
09/07/2022,PLT,3854,"Greens, Pumpkin Vine",20,$36.50,$40.52,37
09/07/2022,MMO,3813,"Greens, Kale",5,$42.75,$47.45,37
09/07/2022,SXF,3826,"Greens, Sweet Potato Leaves",50,$35.25,$39.13,37
09/07/2022,MLG,3758,"Eggplant, African (Bitter ball)",26,$24.00,$26.64,37
09/07/2022,TXI,3702,"Greens, Malabar",12,$36.50,$40.52,37
09/07/2022,CLP,3717,"Eggplant, Globe",10,$37.00,$41.07,37
09/07/2022,CLP,3826,"Greens, Sweet Potato Leaves",10,$35.25,$39.13,37
09/07/2022,NTN,3813,"Greens, Kale",10,$42.75,$47.45,37
09/07/2022,TXI,3758,"Eggplant, African (Bitter ball)",11,$24.00,$26.64,37
09/07/2022,CBO,3813,"Greens, Kale",5,$42.75,$47.45,37
09/07/2022,LOF,3364,"Greens, Mustard",5,$42.75,$47.45,37
09/07/2022,TXI,3826,"Greens, Sweet Potato Leaves",10,$35.25,$39.13,37
09/07/2022,PLT,3853,"Greens, Eggplant Leaves - 12 bunch",20,$36.50,$40.52,37
09/09/2022,CBS,3153,"Peppers, Jalapeno",12,$30.00,$33.30,37
09/09/2022,KHF,3202,"Tomatoes, Slicers",49,$46.00,$51.06,37
09/09/2022,LEE,3828,"Peppers, Bell",10,$40.75,$45.23,37
09/09/2022,KHF,3153,"Peppers, Jalapeno",12,$30.00,$33.30,37
09/09/2022,RSV,3362,"Cucumbers, Pickling",15,$24.00,$26.64,37
09/09/2022,MFP,3828,"Peppers, Bell",6,$40.75,$45.23,37
09/09/2022,RSV,3755,Carrots,22,$36.75,$40.79,37
09/09/2022,PBY,3201,"Tomatoes, Roma",10,$40.50,$44.96,37
09/09/2022,SRF,3759,Onions,70,$46.25,$51.34,37
09/09/2022,NTN,3449,"Peppers, Poblano",5,$46.25,$51.34,37
09/09/2022,NTN,3755,Carrots,22,$36.75,$40.79,37
09/09/2022,SXF,3826,"Greens, Sweet Potato Leaves",50,$35.25,$39.13,37
09/09/2022,YMF,3755,Carrots,22,$36.75,$40.79,37
09/09/2022,ONC,3754,Cabbage,5,$40.75,$45.23,37
09/09/2022,MFP,3759,Onions,20,$46.25,$51.34,37
09/09/2022,KHF,3201,"Tomatoes, Roma",36,$40.50,$44.96,37
09/09/2022,PLT,3702,"Greens, Malabar",19,$36.50,$40.52,37
09/09/2022,CMU,3755,Carrots,22,$36.75,$40.79,37
09/09/2022,CHO,3278,"Radish, Red, Bunched w/Tops",22,$43.50,$48.29,37
09/09/2022,CTH,3202,"Tomatoes, Slicers",15,$46.00,$51.06,37
09/09/2022,LFF,3153,"Peppers, Jalapeno",10,$30.00,$33.30,37
09/09/2022,MLG,3759,Onions,10,$46.25,$51.34,37
09/09/2022,LFF,3828,"Peppers, Bell",15,$40.75,$45.23,37
09/09/2022,MLG,3755,Carrots,22,$36.75,$40.79,37
09/14/2022,PBY,3592,Broccoli,16,$37.00,$41.07,38
09/14/2022,LDX,3458,"Peppers, Habanero",11,$40.50,$44.96,38
09/14/2022,HAF,3758,"Eggplant, African (Bitter ball)",21,$24.00,$26.64,38
09/14/2022,CMA,3138,"Greens, Collards",5,$42.75,$47.45,38
09/14/2022,PLT,3668,"Eggplant, Japanese",10,$34.25,$38.02,38
09/14/2022,CMU,3138,"Greens, Collards",5,$42.75,$47.45,38
09/14/2022,YMF,3668,"Eggplant, Japanese",3,$34.25,$38.02,38
09/14/2022,CVP,3826,"Greens, Sweet Potato Leaves",10,$35.25,$39.13,38
09/14/2022,MLG,3826,"Greens, Sweet Potato Leaves",10,$35.25,$39.13,38
09/14/2022,MFP,3364,"Greens, Mustard",5,$42.75,$47.45,38
09/14/2022,CBO,3278,"Radish, Red, Bunched w/Tops",4,$43.50,$48.29,38
09/14/2022,MLG,3758,"Eggplant, African (Bitter ball)",6,$24.00,$26.64,38
09/14/2022,CVP,3702,"Greens, Malabar",10,$42.75,$47.45,38
09/14/2022,LDX,3153,"Peppers, Jalapeno",10,$30.00,$33.30,38
09/14/2022,MFP,3828,"Peppers, Bell",10,$40.75,$45.23,38
09/14/2022,MFP,3153,"Peppers, Jalapeno",20,$30.00,$33.30,38
09/14/2022,PBY,3668,"Eggplant, Japanese",10,$34.25,$38.02,38
09/14/2022,LFF,3153,"Peppers, Jalapeno",15,$30.00,$33.30,38
09/14/2022,CHO,3278,"Radish, Red, Bunched w/Tops",60,$43.50,$48.29,38
09/14/2022,PLT,3364,"Greens, Mustard",5,$42.75,$47.45,38
09/14/2022,PLT,3458,"Peppers, Habanero",10,$40.50,$44.96,38
09/14/2022,CLP,3826,"Greens, Sweet Potato Leaves",13,$35.25,$39.13,38
09/14/2022,LEE,3828,"Peppers, Bell",10,$40.75,$45.23,38
09/14/2022,MFP,3458,"Peppers, Habanero",10,$40.50,$44.96,38
09/14/2022,MLG,3364,"Greens, Mustard",10,$42.75,$47.45,38
09/14/2022,D2D,3138,"Greens, Collards",10,$42.75,$47.45,38
09/14/2022,CBS,3153,"Peppers, Jalapeno",24,$30.00,$33.30,38
09/14/2022,LFF,3458,"Peppers, Habanero",3,$40.50,$44.96,38
09/14/2022,PBY,3089,"Melon, Watermelon Red Seedless",25,$30.75,$34.13,38
09/14/2022,CMA,3754,Cabbage,10,$40.75,$45.23,38
09/14/2022,ONC,3754,Cabbage,15,$40.75,$45.23,38
09/14/2022,SXF,3826,"Greens, Sweet Potato Leaves",50,$35.25,$39.13,38
09/14/2022,MMO,3364,"Greens, Mustard",10,$42.75,$47.45,38
09/14/2022,PLT,3758,"Eggplant, African (Bitter ball)",22,$24.00,$26.64,38
09/14/2022,LOF,3364,"Greens, Mustard",5,$42.75,$47.45,38
09/14/2022,SXF,3758,"Eggplant, African (Bitter ball)",11,$24.00,$26.64,38
09/14/2022,CLP,3668,"Eggplant, Japanese",10,$34.25,$38.02,38
09/14/2022,LFF,3828,"Peppers, Bell",10,$40.75,$45.23,38
09/14/2022,TXI,3826,"Greens, Sweet Potato Leaves",5,$35.25,$39.13,38
09/14/2022,CBO,3138,"Greens, Collards",5,$42.75,$47.45,38
09/16/2022,MLG,3755,Carrots,27,$36.75,$40.79,38
09/16/2022,DTF,3202,"Tomatoes, Slicers",36,$46.00,$51.06,38
09/16/2022,YMF,3200,"Tomatoes, Grape",18,$40.50,$44.96,38
09/16/2022,YMF,3668,"Eggplant, Japanese",20,$34.25,$38.02,38
09/16/2022,AGF,3759,Onions,20,$46.25,$51.34,38
09/16/2022,CAL,3201,"Tomatoes, Roma",10,$40.50,$44.96,38
09/16/2022,YMF,3809,"Beans, Green, Yellow, or Purple",12,$71.00,$78.81,38
09/16/2022,CTH,3202,"Tomatoes, Slicers",15,$46.00,$51.06,38
09/16/2022,CMU,3132,"Carrots, Rainbow",11,$36.75,$40.79,38
09/16/2022,MFP,3759,Onions,10,$46.25,$51.34,38
09/16/2022,D2D,3200,"Tomatoes, Grape",20,$40.50,$44.96,38
09/16/2022,MLG,3759,Onions,10,$46.25,$51.34,38
09/16/2022,LEE,3809,"Beans, Green, Yellow, or Purple",14,$71.00,$78.81,38
09/16/2022,CMU,3755,Carrots,10,$36.75,$40.79,38
09/16/2022,AGF,3095,"Melon, Watermelon Red Seedless",9,$455.00,$505.05,38
09/16/2022,RSV,3755,Carrots,32,$36.75,$40.79,38
09/16/2022,CHO,3200,"Tomatoes, Grape",10,$40.50,$44.96,38
09/16/2022,AGF,3201,"Tomatoes, Roma",10,$40.50,$44.96,38
09/16/2022,CHO,3361,"Cucumbers, Slicing",20,$24.00,$26.64,38
09/16/2022,SRF,3759,Onions,30,$46.25,$51.34,38
09/16/2022,MHG,3200,"Tomatoes, Grape",10,$40.50,$44.96,38
09/16/2022,PBY,3201,"Tomatoes, Roma",14,$40.50,$44.96,38
09/16/2022,LOF,3362,"Cucumbers, Pickling",15,$24.00,$26.64,38
09/16/2022,YMF,3853,"Greens, Eggplant Leaves - 12 bunch",20,$36.50,$40.52,38
09/16/2022,MLG,3809,"Beans, Green, Yellow, or Purple",10,$71.00,$78.81,38
09/16/2022,SRF,3201,"Tomatoes, Roma",18,$40.50,$44.96,38
09/21/2022,AGF,3201,"Tomatoes, Roma",20,$40.50,$44.96,39
09/21/2022,BXF,3138,"Greens, Collards",10,$42.75,$47.45,39
09/21/2022,PZM,3828,"Peppers, Bell",10,$40.75,$45.23,39
09/21/2022,PBY,3201,"Tomatoes, Roma",35,$40.50,$44.96,39
09/21/2022,MFP,3364,"Greens, Mustard",5,$42.75,$47.45,39
09/21/2022,PZM,3458,"Peppers, Habanero",10,$40.50,$44.96,39
09/21/2022,MFP,3759,Onions,10,$46.25,$51.34,39
09/21/2022,PZM,3153,"Peppers, Jalapeno",13,$30.00,$33.30,39
09/21/2022,CMU,3138,"Greens, Collards",10,$42.75,$47.45,39
09/21/2022,CAL,3189,"Squash, Winter, Delicata",60,$40.75,$45.23,39
09/21/2022,LFF,3153,"Peppers, Jalapeno",10,$30.00,$33.30,39
09/21/2022,LFF,3458,"Peppers, Habanero",5,$40.50,$44.96,39
09/21/2022,MMO,3364,"Greens, Mustard",10,$42.75,$47.45,39
09/21/2022,MLG,3759,Onions,10,$46.25,$51.34,39
09/21/2022,D2D,3200,"Tomatoes, Grape",18,$40.50,$44.96,39
09/21/2022,CMU,3755,Carrots,5,$36.75,$40.79,39
09/21/2022,PLT,3364,"Greens, Mustard",5,$42.75,$47.45,39
09/21/2022,DTF,3202,"Tomatoes, Slicers",36,$46.00,$51.06,39
09/21/2022,CHO,3200,"Tomatoes, Grape",10,$40.50,$44.96,39
09/21/2022,MLG,3364,"Greens, Mustard",10,$42.75,$47.45,39
09/21/2022,CMA,3138,"Greens, Collards",5,$42.75,$47.45,39
09/21/2022,LDX,3153,"Peppers, Jalapeno",10,$30.00,$33.30,39
09/21/2022,MHG,3200,"Tomatoes, Grape",10,$40.50,$44.96,39
09/21/2022,KHF,3201,"Tomatoes, Roma",36,$40.50,$44.96,39
09/21/2022,AGF,3189,"Squash, Winter, Delicata",90,$40.75,$45.23,39
09/21/2022,MLG,3828,"Peppers, Bell",20,$40.75,$45.23,39
09/21/2022,LFF,3828,"Peppers, Bell",5,$40.75,$45.23,39
09/21/2022,CMA,3754,Cabbage,10,$40.75,$45.23,39
09/21/2022,SRF,3759,Onions,30,$46.25,$51.34,39
09/21/2022,CTH,3202,"Tomatoes, Slicers",15,$46.00,$51.06,39
09/21/2022,PLT,3458,"Peppers, Habanero",10,$40.50,$44.96,39
09/21/2022,KHF,3153,"Peppers, Jalapeno",12,$30.00,$33.30,39
09/21/2022,CAL,3153,"Peppers, Jalapeno",12,$30.00,$33.30,39
09/21/2022,YMF,3200,"Tomatoes, Grape",18,$40.50,$44.96,39
09/30/2022,TEB,3573,"Greens, Bok Choy",10,$46.25,$51.34,40
09/30/2022,PBY,3573,"Greens, Bok Choy",20,$46.25,$51.34,40
09/30/2022,PZM,3449,"Peppers, Poblano",10,$46.25,$51.34,40
09/30/2022,NTN,3449,"Peppers, Poblano",20,$46.25,$51.34,40
09/30/2022,MFP,3573,"Greens, Bok Choy",30,$46.25,$51.34,40
09/30/2022,CAL,3189,"Squash, Winter, Delicata",65,$40.75,$45.23,40
09/30/2022,YMF,3200,"Tomatoes, Grape",16,$40.50,$44.96,40
09/30/2022,SRF,3201,"Tomatoes, Roma",30,$40.50,$44.96,40
09/30/2022,PBY,3201,"Tomatoes, Roma",9,$40.50,$44.96,40
09/30/2022,AGF,3189,"Squash, Winter, Delicata",45,$40.75,$45.23,40
09/30/2022,CHO,3200,"Tomatoes, Grape",20,$40.50,$44.96,40
09/30/2022,PBY,3189,"Squash, Winter, Delicata",25,$40.75,$45.23,40
10/07/2022,CAL,3759,Onions,39,$46.25,$51.34,41
10/07/2022,HOP,3166,"Potatoes, Red",50,$57.25,$63.55,41
10/07/2022,CLP,3613,"Beets Red, bulk",22,$31.00,$34.41,41
10/07/2022,SRF,3759,Onions,50,$46.25,$51.34,41
10/07/2022,NTN,3613,"Beets Red, bulk",23,$31.00,$34.41,41
10/07/2022,PBY,3613,"Beets Red, bulk",44,$31.00,$34.41,41
10/07/2022,CBO,3813,"Greens, Kale",5,$42.75,$47.45,41
10/07/2022,YMF,3132,"Carrots, Rainbow",22,$36.75,$40.79,41
10/07/2022,CBO,3138,"Greens, Collards",5,$42.75,$47.45,41
10/07/2022,MMO,3364,"Greens, Mustard",10,$42.75,$47.45,41
10/07/2022,JWI,3278,"Radish, Red, Bunched w/Tops",20,$43.50,$48.29,41
10/07/2022,CBO,3278,"Radish, Red, Bunched w/Tops",7,$43.50,$48.29,41
10/07/2022,MHA,3364,"Greens, Mustard",10,$42.75,$47.45,41
10/07/2022,CAL,3189,"Squash, Winter, Delicata",21,$40.75,$45.23,41
10/07/2022,LOF,3364,"Greens, Mustard",10,$42.75,$47.45,41
10/07/2022,MLG,3759,Onions,5,$46.25,$51.34,41
10/07/2022,CMU,3132,"Carrots, Rainbow",22,$36.75,$40.79,41
10/07/2022,RSV,3755,Carrots,22,$36.75,$40.79,41
10/07/2022,MLG,3755,Carrots,20,$36.75,$40.79,41
10/07/2022,KSL,3613,"Beets Red, bulk",11,$31.00,$34.41,41
10/07/2022,YMF,3613,"Beets Red, bulk",22,$31.00,$34.41,41
10/07/2022,AGF,3759,Onions,13,$46.25,$51.34,41
10/14/2022,NTN,3613,"Beets Red, bulk",11,$31.00,$34.41,42
10/14/2022,CLP,3613,"Beets Red, bulk",11,$31.00,$34.41,42
10/14/2022,MFP,3573,"Greens, Bok Choy",10,$46.25,$51.34,42
10/14/2022,MLG,3759,Onions,10,$46.25,$51.34,42
10/14/2022,YMF,3178,"Radish, Purple Daikon",44,$39.00,$43.29,42
10/14/2022,MFP,3759,Onions,10,$46.25,$51.34,42
10/14/2022,YMF,3613,"Beets Red, bulk",11,$31.00,$34.41,42
10/14/2022,CMU,3132,"Carrots, Rainbow",22,$36.75,$40.79,42
10/14/2022,RSV,3755,Carrots,22,$36.75,$40.79,42
10/14/2022,TEB,3573,"Greens, Bok Choy",20,$46.25,$51.34,42
10/14/2022,CAL,3759,Onions,20,$46.25,$51.34,42
10/14/2022,PBY,3613,"Beets Red, bulk",22,$31.00,$34.41,42
10/14/2022,MFP,3573,"Greens, Bok Choy",20,$46.25,$51.34,42
10/14/2022,YMF,3132,"Carrots, Rainbow",22,$36.75,$40.79,42